g Body_04
v 0.08255 -0.0682104 0.200511 0.764706 0.0235294 0.0235294
v 0.08255 0.0585055 0.000424098 0.764706 0.0235294 0.0235294
v 0.08255 0.0642271 0.0473746 0.764706 0.0235294 0.0235294
v 0.08255 -0.0606377 0.24763 0.764706 0.0235294 0.0235294
v 0.08255 -0.100184 0.24763 0.764706 0.0235294 0.0235294
v 0.08255 0.0960323 0.000424098 0.764706 0.0235294 0.0235294
v 0.08255 -0.100184 0.000424098 0.764706 0.0235294 0.0235294
v 0.08255 -0.0682104 0.000424098 0.764706 0.0235294 0.0235294
v 0.08255 0.0960323 0.24763 0.764706 0.0235294 0.0235294
v 0.08255 0.0642271 0.24763 0.764706 0.0235294 0.0235294
vn 1 0 0
vt -0.25571 0.0767363
vt -0.128994 -0.12335
vt -0.123273 -0.0763998
vt -0.248138 0.123855
vt -0.287684 0.123855
vt -0.0914677 -0.12335
vt -0.287684 -0.12335
vt -0.25571 -0.12335
vt -0.0914677 0.123855
vt -0.123273 0.123855
f 1/1/1 2/2/1 3/3/1
f 4/4/1 5/5/1 1/1/1
f 2/2/1 6/6/1 3/3/1
f 7/7/1 8/8/1 1/1/1
f 1/1/1 5/5/1 7/7/1
f 9/9/1 10/10/1 3/3/1
f 3/3/1 6/6/1 9/9/1
f 3/3/1 4/4/1 1/1/1
v 0.08255 -0.100184 0.24763 0.764706 0.0235294 0.0235294
v 0 -0.100184 0.24763 0.764706 0.0235294 0.0235294
v 0 -0.100184 0.000424098 0.764706 0.0235294 0.0235294
v 0.08255 -0.100184 0.000424098 0.764706 0.0235294 0.0235294
v 0.08255 -0.0606377 0.24763 0.764706 0.0235294 0.0235294
v 0 -0.0606377 0.24763 0.764706 0.0235294 0.0235294
v 0.08255 0.0642271 0.0473746 0.764706 0.0235294 0.0235294
v 0 0.0642271 0.0473746 0.764706 0.0235294 0.0235294
v 0.08255 0.0642271 0.24763 0.764706 0.0235294 0.0235294
v 0 0.0642271 0.24763 0.764706 0.0235294 0.0235294
v 0.08255 0.0960323 0.24763 0.764706 0.0235294 0.0235294
v 0 0.0960323 0.24763 0.764706 0.0235294 0.0235294
v 0.08255 0.0960323 0.000424098 0.764706 0.0235294 0.0235294
v 0 0.0960323 0.000424098 0.764706 0.0235294 0.0235294
v 0.08255 0.0585055 0.000424098 0.764706 0.0235294 0.0235294
v 0 0.0585055 0.000424098 0.764706 0.0235294 0.0235294
v 0 -0.0682104 0.200511 0.764706 0.0235294 0.0235294
v 0 -0.0682104 0.000424098 0.764706 0.0235294 0.0235294
v 0.08255 -0.0682104 0.200511 0.764706 0.0235294 0.0235294
v 0.08255 -0.0682104 0.000424098 0.764706 0.0235294 0.0235294
vn 0 -1 0
vn 0 0 1
vn -0 0.848559 0.529101
vn 0 -1 0
vn 0 0 1
vn -0 1 0
vn 0 0 -1
vn -1 -0 -0
vn 0 -0.84483 -0.535035
vn -0 1 0
vn 0 0 -1
vt -0.123603 0
vt -0.123603 -0.08255
vt 0.123603 -0.08255
vt 0.123603 0
vt 0 0.0197731
vt -0.08255 0.0197731
vt -0.08255 -0.0197731
vt 0 -0.0197731
vt -0.117997 0
vt -0.117997 -0.08255
vt 0.117997 -0.08255
vt 0.117997 0
vt -0.100127 0
vt -0.100127 -0.08255
vt 0.100127 -0.08255
vt 0.100127 0
vt 0 0.0159026
vt -0.08255 0.0159026
vt -0.08255 -0.0159026
vt 0 -0.0159026
vt -0.123603 0
vt -0.123603 -0.08255
vt 0.123603 -0.08255
vt 0.123603 0
vt -0 -0.0187634
vt 0.08255 -0.0187634
vt 0.08255 0.0187634
vt 0 0.0187634
vt -0.25571 0.0767363
vt -0.248138 0.123855
vt -0.123273 -0.0763998
vt -0.128994 -0.12335
vt -0.287684 -0.12335
vt -0.287684 0.123855
vt -0.0914677 0.123855
vt -0.0914677 -0.12335
vt -0.25571 -0.12335
vt -0.123273 0.123855
vt -0.118418 0
vt -0.118418 -0.08255
vt 0.118418 -0.08255
vt 0.118418 0
vt -0.100043 0
vt -0.100043 -0.08255
vt 0.100043 -0.08255
vt 0.100043 0
vt -0 -0.0159867
vt 0.08255 -0.0159867
vt 0.08255 0.0159867
vt 0 0.0159867
f 11/11/2 12/12/2 13/13/2
f 13/13/2 14/14/2 11/11/2
f 15/15/3 16/16/3 12/17/3
f 12/17/3 11/18/3 15/15/3
f 17/19/4 18/20/4 16/21/4
f 16/21/4 15/22/4 17/19/4
f 19/23/5 20/24/5 18/25/5
f 18/25/5 17/26/5 19/23/5
f 21/27/6 22/28/6 20/29/6
f 20/29/6 19/30/6 21/27/6
f 23/31/7 24/32/7 22/33/7
f 22/33/7 21/34/7 23/31/7
f 25/35/8 26/36/8 24/37/8
f 24/37/8 23/38/8 25/35/8
f 27/39/9 16/40/9 18/41/9
f 18/41/9 26/42/9 27/39/9
f 13/43/9 12/44/9 27/39/9
f 27/39/9 12/44/9 16/40/9
f 22/45/9 24/46/9 18/41/9
f 18/41/9 24/46/9 26/42/9
f 27/39/9 28/47/9 13/43/9
f 18/41/9 20/48/9 22/45/9
f 29/49/10 27/50/10 26/51/10
f 26/51/10 25/52/10 29/49/10
f 30/53/11 28/54/11 27/55/11
f 27/55/11 29/56/11 30/53/11
f 14/57/12 13/58/12 28/59/12
f 28/59/12 30/60/12 14/57/12
g Body_03
v 0.08255 0.70859 0.0694195 0.764706 0.0235294 0.0235294
v 0.08255 0.71061 0.0281905 0.764706 0.0235294 0.0235294
v 0.08255 0.74292 0.0421579 0.764706 0.0235294 0.0235294
v 0.08255 0.743504 0.032386 0.764706 0.0235294 0.0235294
v 0.08255 0.708265 0.073528 0.764706 0.0235294 0.0235294
v 0.08255 0.741742 0.0753093 0.764706 0.0235294 0.0235294
v 0.08255 0.744118 0.0270264 0.764706 0.0235294 0.0235294
v 0.08255 0.710705 0.0262233 0.764706 0.0235294 0.0235294
v 0.08255 0.711687 0.0128102 0.764706 0.0235294 0.0235294
v 0.08255 0.744687 0.0236706 0.764706 0.0235294 0.0235294
v 0.08255 0.741542 0.0790259 0.764706 0.0235294 0.0235294
v 0.08255 0.745977 0.0187013 0.764706 0.0235294 0.0235294
v 0.08255 0.745276 0.0211227 0.764706 0.0235294 0.0235294
v 0.08255 0.665174 0.24763 0.764706 0.0235294 0.0235294
v 0.08255 0.550742 0.24763 0.764706 0.0235294 0.0235294
v 0.08255 0.58423 0.218853 0.764706 0.0235294 0.0235294
v 0.08255 0.712206 0.00912142 0.764706 0.0235294 0.0235294
v 0.08255 0.746693 0.0167031 0.764706 0.0235294 0.0235294
v 0.08255 0.712776 0.00651036 0.764706 0.0235294 0.0235294
v 0.08255 0.713342 0.00448763 0.764706 0.0235294 0.0235294
v 0.08255 0.675992 0.247306 0.764706 0.0235294 0.0235294
v 0.08255 0.669322 0.218805 0.764706 0.0235294 0.0235294
v 0.08255 0.666015 0.218853 0.764706 0.0235294 0.0235294
v 0.08255 0.714422 0.00158826 0.764706 0.0235294 0.0235294
v 0.08255 0.714985 0.000424098 0.764706 0.0235294 0.0235294
v 0.08255 0.67473 0.21849 0.764706 0.0235294 0.0235294
v 0.08255 0.679192 0.217967 0.764706 0.0235294 0.0235294
v 0.08255 0.713893 0.00288041 0.764706 0.0235294 0.0235294
v 0.08255 0.684837 0.246488 0.764706 0.0235294 0.0235294
v 0.08255 0.682929 0.217301 0.764706 0.0235294 0.0235294
v 0.08255 0.747415 0.0150265 0.764706 0.0235294 0.0235294
v 0.08255 0.740988 0.0847809 0.764706 0.0235294 0.0235294
v 0.08255 0.707766 0.0770333 0.764706 0.0235294 0.0235294
v 0.08255 0.712614 0.176187 0.764706 0.0235294 0.0235294
v 0.08255 0.738173 0.145791 0.764706 0.0235294 0.0235294
v 0.08255 0.739813 0.148709 0.764706 0.0235294 0.0235294
v 0.08255 0.711788 0.239384 0.764706 0.0235294 0.0235294
v 0.08255 0.708564 0.240739 0.764706 0.0235294 0.0235294
v 0.08255 0.694916 0.213029 0.764706 0.0235294 0.0235294
v 0.08255 0.707138 0.0800682 0.764706 0.0235294 0.0235294
v 0.08255 0.736303 0.142935 0.764706 0.0235294 0.0235294
v 0.08255 0.696888 0.211849 0.764706 0.0235294 0.0235294
v 0.08255 0.71584 0.23739 0.764706 0.0235294 0.0235294
v 0.08255 0.698486 0.243957 0.764706 0.0235294 0.0235294
v 0.08255 0.692222 0.245338 0.764706 0.0235294 0.0235294
v 0.08255 0.686103 0.216537 0.764706 0.0235294 0.0235294
v 0.08255 0.711788 0.121923 0.764706 0.0235294 0.0235294
v 0.08255 0.7124 0.171698 0.764706 0.0235294 0.0235294
v 0.08255 0.740281 0.0893497 0.764706 0.0235294 0.0235294
v 0.08255 0.741336 0.151918 0.764706 0.0235294 0.0235294
v 0.08255 0.728619 0.133905 0.764706 0.0235294 0.0235294
v 0.08255 0.731486 0.136876 0.764706 0.0235294 0.0235294
v 0.08255 0.693445 0.213805 0.764706 0.0235294 0.0235294
v 0.08255 0.703873 0.242411 0.764706 0.0235294 0.0235294
v 0.08255 0.6912 0.214815 0.764706 0.0235294 0.0235294
v 0.08255 0.688832 0.215702 0.764706 0.0235294 0.0235294
v 0.08255 0.711989 0.167881 0.764706 0.0235294 0.0235294
v 0.08255 0.748138 0.013601 0.764706 0.0235294 0.0235294
v 0.08255 0.706411 0.0827286 0.764706 0.0235294 0.0235294
v 0.08255 0.742598 0.155108 0.764706 0.0235294 0.0235294
v 0.08255 0.725498 0.131068 0.764706 0.0235294 0.0235294
v 0.08255 0.711431 0.164595 0.764706 0.0235294 0.0235294
v 0.08255 0.739488 0.0930452 0.764706 0.0235294 0.0235294
v 0.08255 0.705605 0.0850871 0.764706 0.0235294 0.0235294
v 0.08255 0.743739 0.158621 0.764706 0.0235294 0.0235294
v 0.08255 0.722084 0.128348 0.764706 0.0235294 0.0235294
v 0.08255 0.698693 0.210605 0.764706 0.0235294 0.0235294
v 0.08255 0.719443 0.235328 0.764706 0.0235294 0.0235294
v 0.08255 0.710764 0.16173 0.764706 0.0235294 0.0235294
v 0.08255 0.74886 0.0123748 0.764706 0.0235294 0.0235294
v 0.08255 0.738646 0.0960839 0.764706 0.0235294 0.0235294
v 0.08255 0.690584 0.101898 0.764706 0.0235294 0.0235294
v 0.08255 0.691412 0.101478 0.764706 0.0235294 0.0235294
v 0.08255 0.744741 0.162526 0.764706 0.0235294 0.0235294
v 0.08255 0.718329 0.125733 0.764706 0.0235294 0.0235294
v 0.08255 0.746565 0.184402 0.764706 0.0235294 0.0235294
v 0.08255 0.746207 0.189966 0.764706 0.0235294 0.0235294
v 0.08255 0.712242 0.184958 0.764706 0.0235294 0.0235294
v 0.08255 0.745577 0.194937 0.764706 0.0235294 0.0235294
v 0.08255 0.711772 0.188209 0.764706 0.0235294 0.0235294
v 0.08255 0.700357 0.209291 0.764706 0.0235294 0.0235294
v 0.08255 0.723012 0.232957 0.764706 0.0235294 0.0235294
v 0.08255 0.710008 0.159206 0.764706 0.0235294 0.0235294
v 0.08255 0.737778 0.0986193 0.764706 0.0235294 0.0235294
v 0.08255 0.688886 0.102633 0.764706 0.0235294 0.0235294
v 0.08255 0.68468 0.104001 0.764706 0.0235294 0.0235294
v 0.08255 0.687008 0.103311 0.764706 0.0235294 0.0235294
v 0.08255 0.745577 0.166913 0.764706 0.0235294 0.0235294
v 0.08255 0.714173 0.123215 0.764706 0.0235294 0.0235294
v 0.08255 0.74472 0.199425 0.764706 0.0235294 0.0235294
v 0.08255 0.711171 0.19108 0.764706 0.0235294 0.0235294
v 0.08255 0.701898 0.2079 0.764706 0.0235294 0.0235294
v 0.08255 0.726174 0.230523 0.764706 0.0235294 0.0235294
v 0.08255 0.678717 0.135847 0.764706 0.0235294 0.0235294
v 0.08255 0.678029 0.10534 0.764706 0.0235294 0.0235294
v 0.08255 0.681762 0.104685 0.764706 0.0235294 0.0235294
v 0.08255 0.67393 0.135098 0.764706 0.0235294 0.0235294
v 0.08255 0.70918 0.15696 0.764706 0.0235294 0.0235294
v 0.08255 0.749581 0.0113095 0.764706 0.0235294 0.0235294
v 0.08255 0.704731 0.0871992 0.764706 0.0235294 0.0235294
v 0.08255 0.735119 0.104176 0.764706 0.0235294 0.0235294
v 0.08255 0.734212 0.105574 0.764706 0.0235294 0.0235294
v 0.08255 0.746206 0.171897 0.764706 0.0235294 0.0235294
v 0.08255 0.734127 0.140004 0.764706 0.0235294 0.0235294
v 0.08255 0.743669 0.203514 0.764706 0.0235294 0.0235294
v 0.08255 0.710464 0.193646 0.764706 0.0235294 0.0235294
v 0.08255 0.703332 0.206422 0.764706 0.0235294 0.0235294
v 0.08255 0.728992 0.228026 0.764706 0.0235294 0.0235294
v 0.08255 0.67208 0.10601 0.764706 0.0235294 0.0235294
v 0.08255 0.708289 0.154944 0.764706 0.0235294 0.0235294
v 0.08255 0.736897 0.100762 0.764706 0.0235294 0.0235294
v 0.08255 0.736009 0.102594 0.764706 0.0235294 0.0235294
v 0.08255 0.696323 0.0982613 0.764706 0.0235294 0.0235294
v 0.08255 0.716006 0.120055 0.764706 0.0235294 0.0235294
v 0.08255 0.693171 0.10048 0.764706 0.0235294 0.0235294
v 0.08255 0.742443 0.207274 0.764706 0.0235294 0.0235294
v 0.08255 0.709666 0.195961 0.764706 0.0235294 0.0235294
v 0.08255 0.741053 0.210759 0.764706 0.0235294 0.0235294
v 0.08255 0.739503 0.214015 0.764706 0.0235294 0.0235294
v 0.08255 0.708685 0.198293 0.764706 0.0235294 0.0235294
v 0.08255 0.737772 0.217112 0.764706 0.0235294 0.0235294
v 0.08255 0.735885 0.220017 0.764706 0.0235294 0.0235294
v 0.08255 0.707094 0.20132 0.764706 0.0235294 0.0235294
v 0.08255 0.73381 0.22279 0.764706 0.0235294 0.0235294
v 0.08255 0.705928 0.203144 0.764706 0.0235294 0.0235294
v 0.08255 0.704673 0.204843 0.764706 0.0235294 0.0235294
v 0.08255 0.731523 0.225453 0.764706 0.0235294 0.0235294
v 0.08255 0.682861 0.136763 0.764706 0.0235294 0.0235294
v 0.08255 0.707339 0.153117 0.764706 0.0235294 0.0235294
v 0.08255 0.750302 0.0103759 0.764706 0.0235294 0.0235294
v 0.08255 0.703796 0.0891079 0.764706 0.0235294 0.0235294
v 0.08255 0.733175 0.106963 0.764706 0.0235294 0.0235294
v 0.08255 0.731479 0.108957 0.764706 0.0235294 0.0235294
v 0.08255 0.69775 0.0970281 0.764706 0.0235294 0.0235294
v 0.08255 0.719566 0.118204 0.764706 0.0235294 0.0235294
v 0.08255 0.694801 0.0994091 0.764706 0.0235294 0.0235294
v 0.08255 0.746568 0.177647 0.764706 0.0235294 0.0235294
v 0.08255 0.712543 0.181246 0.764706 0.0235294 0.0235294
v 0.08255 0.70762 0.200399 0.764706 0.0235294 0.0235294
v 0.08255 0.686493 0.137809 0.764706 0.0235294 0.0235294
v 0.08255 0.706332 0.151451 0.764706 0.0235294 0.0235294
v 0.08255 0.699097 0.0956985 0.764706 0.0235294 0.0235294
v 0.08255 0.722608 0.116371 0.764706 0.0235294 0.0235294
v 0.08255 0.756046 0.000424098 0.764706 0.0235294 0.0235294
v 0.08255 0.754378 0.00683226 0.764706 0.0235294 0.0235294
v 0.08255 0.756046 0.00597739 0.764706 0.0235294 0.0235294
v 0.08255 0.755234 0.00636022 0.764706 0.0235294 0.0235294
v 0.08255 0.689711 0.138959 0.764706 0.0235294 0.0235294
v 0.08255 0.692592 0.140198 0.764706 0.0235294 0.0235294
v 0.08255 0.668322 0.134578 0.764706 0.0235294 0.0235294
v 0.08255 0.66164 0.134376 0.764706 0.0235294 0.0235294
v 0.08255 0.663385 0.106417 0.764706 0.0235294 0.0235294
v 0.08255 0.700287 0.144808 0.764706 0.0235294 0.0235294
v 0.08255 0.698914 0.1438 0.764706 0.0235294 0.0235294
v 0.08255 0.705266 0.14992 0.764706 0.0235294 0.0235294
v 0.08255 0.702738 0.0909553 0.764706 0.0235294 0.0235294
v 0.08255 0.72953 0.110952 0.764706 0.0235294 0.0235294
v 0.08255 0.727522 0.112751 0.764706 0.0235294 0.0235294
v 0.08255 0.700373 0.0942572 0.764706 0.0235294 0.0235294
v 0.08255 0.725234 0.114555 0.764706 0.0235294 0.0235294
v 0.08255 0.698052 0.143223 0.764706 0.0235294 0.0235294
v 0.08255 0.704137 0.148505 0.764706 0.0235294 0.0235294
v 0.08255 0.751109 0.00946391 0.764706 0.0235294 0.0235294
v 0.08255 0.701585 0.0926843 0.764706 0.0235294 0.0235294
v 0.08255 0.753545 0.00736845 0.764706 0.0235294 0.0235294
v 0.08255 0.58423 0.106441 0.764706 0.0235294 0.0235294
v 0.08255 0.58423 0.134376 0.764706 0.0235294 0.0235294
v 0.08255 0.660462 0.106441 0.764706 0.0235294 0.0235294
v 0.08255 0.701658 0.14596 0.764706 0.0235294 0.0235294
v 0.08255 0.702938 0.147189 0.764706 0.0235294 0.0235294
v 0.08255 0.752726 0.00797725 0.764706 0.0235294 0.0235294
v 0.08255 0.695474 0.14167 0.764706 0.0235294 0.0235294
v 0.08255 0.751916 0.00867041 0.764706 0.0235294 0.0235294
v 0.08255 0.550742 0.000424098 0.764706 0.0235294 0.0235294
v 0.08255 0.58423 0.000424098 0.764706 0.0235294 0.0235294
vn 1 0 0
vt 0.52109 -0.0543549
vt 0.52311 -0.0955839
vt 0.55542 -0.0816165
vt 0.556004 -0.0913884
vt 0.520765 -0.0502464
vt 0.554242 -0.0484651
vt 0.556618 -0.096748
vt 0.523205 -0.0975512
vt 0.524187 -0.110964
vt 0.557187 -0.100104
vt 0.554042 -0.0447486
vt 0.558477 -0.105073
vt 0.557776 -0.102652
vt 0.477674 0.123855
vt 0.363242 0.123855
vt 0.39673 0.095079
vt 0.524706 -0.114653
vt 0.559193 -0.107071
vt 0.525276 -0.117264
vt 0.525842 -0.119287
vt 0.488492 0.123531
vt 0.481822 0.0950303
vt 0.478515 0.095079
vt 0.526922 -0.122186
vt 0.527485 -0.12335
vt 0.48723 0.0947155
vt 0.491692 0.0941921
vt 0.526393 -0.120894
vt 0.497337 0.122714
vt 0.495429 0.0935269
vt 0.559915 -0.108748
vt 0.553488 -0.0389935
vt 0.520266 -0.0467411
vt 0.525114 0.0524124
vt 0.550673 0.0220167
vt 0.552313 0.0249341
vt 0.524288 0.115609
vt 0.521064 0.116965
vt 0.507416 0.0892546
vt 0.519638 -0.0437063
vt 0.548803 0.0191611
vt 0.509388 0.0880748
vt 0.52834 0.113616
vt 0.510986 0.120183
vt 0.504722 0.121564
vt 0.498603 0.0927627
vt 0.524288 -0.0018511
vt 0.5249 0.0479232
vt 0.552781 -0.0344247
vt 0.553836 0.0281441
vt 0.541119 0.0101306
vt 0.543986 0.0131021
vt 0.505945 0.0900306
vt 0.516373 0.118636
vt 0.5037 0.0910407
vt 0.501332 0.0919273
vt 0.524489 0.0441071
vt 0.560638 -0.110173
vt 0.518911 -0.0410458
vt 0.555098 0.0313339
vt 0.537998 0.0072934
vt 0.523931 0.0408203
vt 0.551988 -0.0307292
vt 0.518105 -0.0386873
vt 0.556239 0.0348467
vt 0.534584 0.0045733
vt 0.511193 0.0868301
vt 0.531943 0.111554
vt 0.523264 0.0379557
vt 0.56136 -0.1114
vt 0.551146 -0.0276905
vt 0.503084 -0.0218766
vt 0.503912 -0.0222968
vt 0.557241 0.0387519
vt 0.530829 0.00195811
vt 0.559065 0.0606275
vt 0.558707 0.0661912
vt 0.524742 0.0611838
vt 0.558077 0.0711627
vt 0.524272 0.0644341
vt 0.512857 0.0855161
vt 0.535512 0.109183
vt 0.522508 0.0354318
vt 0.550278 -0.0251552
vt 0.501386 -0.0211414
vt 0.49718 -0.0197737
vt 0.499508 -0.0204633
vt 0.558077 0.0431384
vt 0.526673 -0.000559112
vt 0.55722 0.0756503
vt 0.523671 0.0673059
vt 0.514398 0.0841254
vt 0.538674 0.106748
vt 0.491217 0.0120724
vt 0.490529 -0.0184347
vt 0.494262 -0.0190892
vt 0.48643 0.011324
vt 0.52168 0.0331859
vt 0.562081 -0.112465
vt 0.517231 -0.0365753
vt 0.547619 -0.0195984
vt 0.546712 -0.0182002
vt 0.558706 0.0481224
vt 0.546627 0.0162297
vt 0.556169 0.0797396
vt 0.522964 0.0698716
vt 0.515832 0.0826474
vt 0.541492 0.104251
vt 0.48458 -0.0177648
vt 0.520789 0.0311692
vt 0.549397 -0.0230123
vt 0.548509 -0.0211802
vt 0.508823 -0.0255132
vt 0.528506 -0.00371952
vt 0.505671 -0.0232948
vt 0.554943 0.0834991
vt 0.522166 0.072187
vt 0.553553 0.0869845
vt 0.552003 0.090241
vt 0.521185 0.0745186
vt 0.550272 0.0933374
vt 0.548385 0.0962427
vt 0.519594 0.0775459
vt 0.54631 0.0990157
vt 0.518428 0.07937
vt 0.517173 0.0810682
vt 0.544023 0.101679
vt 0.495361 0.012989
vt 0.519839 0.029343
vt 0.562802 -0.113399
vt 0.516296 -0.0346665
vt 0.545675 -0.0168115
vt 0.543979 -0.0148173
vt 0.51025 -0.0267463
vt 0.532066 -0.00557084
vt 0.507301 -0.0243653
vt 0.559068 0.0538722
vt 0.525043 0.0574717
vt 0.52012 0.0766247
vt 0.498993 0.0140348
vt 0.518832 0.0276767
vt 0.511597 -0.0280759
vt 0.535108 -0.00740332
vt 0.568546 -0.12335
vt 0.566878 -0.116942
vt 0.568546 -0.117797
vt 0.567734 -0.117414
vt 0.502211 0.0151848
vt 0.505092 0.0164232
vt 0.480822 0.0108034
vt 0.47414 0.0106017
vt 0.475885 -0.0173569
vt 0.512787 0.0210337
vt 0.511414 0.0200255
vt 0.517766 0.0261458
vt 0.515238 -0.0328191
vt 0.54203 -0.0128226
vt 0.540022 -0.0110233
vt 0.512873 -0.0295172
vt 0.537734 -0.00921914
vt 0.510552 0.0194487
vt 0.516637 0.0247303
vt 0.563609 -0.114311
vt 0.514085 -0.0310901
vt 0.566045 -0.116406
vt 0.39673 -0.017333
vt 0.39673 0.0106017
vt 0.472962 -0.017333
vt 0.514158 0.0221851
vt 0.515438 0.0234143
vt 0.565226 -0.115797
vt 0.507974 0.0178957
vt 0.564416 -0.115104
vt 0.363242 -0.12335
vt 0.39673 -0.12335
f 31/61/13 32/62/13 33/63/13
f 32/62/13 34/64/13 33/63/13
f 35/65/13 31/61/13 36/66/13
f 37/67/13 34/64/13 32/62/13
f 38/68/13 39/69/13 40/70/13
f 36/66/13 41/71/13 35/65/13
f 40/70/13 37/67/13 38/68/13
f 42/72/13 43/73/13 39/69/13
f 44/74/13 45/75/13 46/76/13
f 32/62/13 38/68/13 37/67/13
f 39/69/13 47/77/13 42/72/13
f 48/78/13 49/79/13 50/80/13
f 49/79/13 48/78/13 42/72/13
f 51/81/13 44/74/13 52/82/13
f 46/76/13 53/83/13 44/74/13
f 43/73/13 40/70/13 39/69/13
f 42/72/13 47/77/13 49/79/13
f 48/78/13 54/84/13 55/85/13
f 51/81/13 56/86/13 57/87/13
f 53/83/13 52/82/13 44/74/13
f 50/80/13 58/88/13 48/78/13
f 48/78/13 58/88/13 54/84/13
f 59/89/13 57/87/13 60/90/13
f 52/82/13 56/86/13 51/81/13
f 55/85/13 61/91/13 48/78/13
f 41/71/13 62/92/13 63/93/13
f 64/94/13 65/95/13 66/96/13
f 67/97/13 68/98/13 69/99/13
f 57/87/13 59/89/13 51/81/13
f 63/93/13 35/65/13 41/71/13
f 70/100/13 63/93/13 62/92/13
f 64/94/13 71/101/13 65/95/13
f 72/102/13 73/103/13 67/97/13
f 74/104/13 75/105/13 76/106/13
f 60/90/13 75/105/13 59/89/13
f 77/107/13 64/94/13 78/108/13
f 62/92/13 79/109/13 70/100/13
f 66/96/13 80/110/13 64/94/13
f 64/94/13 81/111/13 82/112/13
f 68/98/13 83/113/13 69/99/13
f 84/114/13 85/115/13 83/113/13
f 74/104/13 86/116/13 85/115/13
f 60/90/13 76/106/13 75/105/13
f 78/108/13 87/117/13 77/107/13
f 55/85/13 88/118/13 61/91/13
f 89/119/13 70/100/13 79/109/13
f 80/110/13 90/120/13 64/94/13
f 64/94/13 91/121/13 81/111/13
f 83/113/13 68/98/13 84/114/13
f 76/106/13 86/116/13 74/104/13
f 87/117/13 92/122/13 77/107/13
f 79/109/13 93/123/13 89/119/13
f 94/124/13 89/119/13 93/123/13
f 90/120/13 95/125/13 64/94/13
f 64/94/13 96/126/13 91/121/13
f 97/127/13 98/128/13 73/103/13
f 85/115/13 84/114/13 74/104/13
f 92/122/13 99/129/13 77/107/13
f 55/85/13 100/130/13 88/118/13
f 93/123/13 101/131/13 94/124/13
f 77/107/13 102/132/13 103/133/13
f 95/125/13 104/134/13 64/94/13
f 64/94/13 105/135/13 96/126/13
f 106/136/13 107/137/13 108/138/13
f 107/137/13 109/139/13 110/140/13
f 111/141/13 112/142/13 98/128/13
f 69/99/13 72/102/13 67/97/13
f 99/129/13 113/143/13 77/107/13
f 101/131/13 114/144/13 94/124/13
f 77/107/13 115/145/13 102/132/13
f 77/107/13 116/146/13 117/147/13
f 104/134/13 118/148/13 64/94/13
f 64/94/13 119/149/13 105/135/13
f 110/140/13 108/138/13 107/137/13
f 109/139/13 120/150/13 121/151/13
f 122/152/13 123/153/13 112/142/13
f 73/103/13 72/102/13 97/127/13
f 124/154/13 125/155/13 126/156/13
f 125/155/13 124/154/13 127/157/13
f 113/143/13 128/158/13 77/107/13
f 55/85/13 129/159/13 100/130/13
f 130/160/13 94/124/13 114/144/13
f 130/160/13 131/161/13 132/162/13
f 117/147/13 115/145/13 77/107/13
f 118/148/13 133/163/13 64/94/13
f 82/112/13 134/164/13 64/94/13
f 121/151/13 110/140/13 109/139/13
f 135/165/13 136/166/13 121/151/13
f 137/167/13 138/168/13 123/153/13
f 98/128/13 97/127/13 111/141/13
f 127/157/13 139/169/13 125/155/13
f 128/158/13 140/170/13 77/107/13
f 114/144/13 141/171/13 130/160/13
f 130/160/13 142/172/13 131/161/13
f 143/173/13 144/174/13 77/107/13
f 103/133/13 145/175/13 77/107/13
f 134/164/13 71/101/13 64/94/13
f 121/151/13 120/150/13 135/165/13
f 146/176/13 147/177/13 136/166/13
f 148/178/13 149/179/13 150/180/13
f 151/181/13 152/182/13 153/183/13
f 152/182/13 154/184/13 155/185/13
f 156/186/13 157/187/13 138/168/13
f 112/142/13 111/141/13 122/152/13
f 116/146/13 158/188/13 124/154/13
f 140/170/13 159/189/13 77/107/13
f 55/85/13 160/190/13 129/159/13
f 130/160/13 141/171/13 142/172/13
f 161/191/13 162/192/13 163/193/13
f 164/194/13 165/195/13 144/174/13
f 145/175/13 166/196/13 77/107/13
f 64/94/13 77/107/13 119/149/13
f 167/197/13 106/136/13 168/198/13
f 136/166/13 135/165/13 146/176/13
f 147/177/13 146/176/13 148/178/13
f 149/179/13 151/181/13 169/199/13
f 155/185/13 153/183/13 152/182/13
f 155/185/13 154/184/13 157/187/13
f 123/153/13 122/152/13 137/167/13
f 116/146/13 170/200/13 158/188/13
f 159/189/13 171/201/13 77/107/13
f 132/162/13 161/191/13 130/160/13
f 161/191/13 132/162/13 162/192/13
f 172/202/13 173/203/13 165/195/13
f 77/107/13 166/196/13 143/173/13
f 55/85/13 174/204/13 175/205/13
f 174/204/13 176/206/13 177/207/13
f 168/198/13 64/94/13 167/197/13
f 150/180/13 147/177/13 148/178/13
f 153/183/13 169/199/13 151/181/13
f 138/168/13 137/167/13 156/186/13
f 116/146/13 178/208/13 170/200/13
f 77/107/13 179/209/13 178/208/13
f 180/210/13 181/211/13 182/212/13
f 77/107/13 183/213/13 184/214/13
f 171/201/13 185/215/13 77/107/13
f 163/193/13 186/216/13 161/191/13
f 186/216/13 187/217/13 188/218/13
f 189/219/13 190/220/13 173/203/13
f 144/174/13 143/173/13 164/194/13
f 177/207/13 175/205/13 174/204/13
f 108/138/13 168/198/13 106/136/13
f 157/187/13 156/186/13 155/185/13
f 178/208/13 116/146/13 77/107/13
f 139/169/13 127/157/13 180/210/13
f 184/214/13 191/221/13 77/107/13
f 185/215/13 192/222/13 77/107/13
f 55/85/13 193/223/13 160/190/13
f 186/216/13 163/193/13 187/217/13
f 194/224/13 188/218/13 190/220/13
f 165/195/13 164/194/13 172/202/13
f 175/205/13 195/225/13 55/85/13
f 169/199/13 150/180/13 149/179/13
f 45/75/13 196/226/13 197/227/13
f 197/227/13 196/226/13 198/228/13
f 182/212/13 139/169/13 180/210/13
f 77/107/13 199/229/13 183/213/13
f 192/222/13 200/230/13 77/107/13
f 188/218/13 194/224/13 186/216/13
f 173/203/13 172/202/13 189/219/13
f 195/225/13 201/231/13 55/85/13
f 197/227/13 46/76/13 45/75/13
f 198/228/13 181/211/13 197/227/13
f 77/107/13 202/232/13 179/209/13
f 200/230/13 199/229/13 77/107/13
f 190/220/13 189/219/13 194/224/13
f 201/231/13 203/233/13 55/85/13
f 198/228/13 182/212/13 181/211/13
f 204/234/13 205/235/13 196/226/13
f 191/221/13 202/232/13 77/107/13
f 203/233/13 193/223/13 55/85/13
f 196/226/13 45/75/13 204/234/13
f 33/63/13 36/66/13 31/61/13
f 126/156/13 116/146/13 124/154/13
f 133/163/13 167/197/13 64/94/13
v 0.08255 0.71584 0.23739 0.764706 0.0235294 0.0235294
v 0 0.71584 0.23739 0.764706 0.0235294 0.0235294
v 0 0.711788 0.239384 0.764706 0.0235294 0.0235294
v 0.08255 0.719443 0.235328 0.764706 0.0235294 0.0235294
v 0 0.719443 0.235328 0.764706 0.0235294 0.0235294
v 0.08255 0.723012 0.232957 0.764706 0.0235294 0.0235294
v 0 0.723012 0.232957 0.764706 0.0235294 0.0235294
v 0 0.726174 0.230523 0.764706 0.0235294 0.0235294
v 0.08255 0.728992 0.228026 0.764706 0.0235294 0.0235294
v 0 0.728992 0.228026 0.764706 0.0235294 0.0235294
v 0.08255 0.731523 0.225453 0.764706 0.0235294 0.0235294
v 0 0.731523 0.225453 0.764706 0.0235294 0.0235294
v 0.08255 0.73381 0.22279 0.764706 0.0235294 0.0235294
v 0 0.73381 0.22279 0.764706 0.0235294 0.0235294
v 0.08255 0.735885 0.220017 0.764706 0.0235294 0.0235294
v 0 0.735885 0.220017 0.764706 0.0235294 0.0235294
v 0.08255 0.737772 0.217112 0.764706 0.0235294 0.0235294
v 0 0.737772 0.217112 0.764706 0.0235294 0.0235294
v 0.08255 0.739503 0.214015 0.764706 0.0235294 0.0235294
v 0 0.739503 0.214015 0.764706 0.0235294 0.0235294
v 0 0.741053 0.210759 0.764706 0.0235294 0.0235294
v 0.08255 0.742443 0.207274 0.764706 0.0235294 0.0235294
v 0 0.742443 0.207274 0.764706 0.0235294 0.0235294
v 0.08255 0.743669 0.203514 0.764706 0.0235294 0.0235294
v 0 0.743669 0.203514 0.764706 0.0235294 0.0235294
v 0.08255 0.74472 0.199425 0.764706 0.0235294 0.0235294
v 0 0.74472 0.199425 0.764706 0.0235294 0.0235294
v 0.08255 0.745577 0.194937 0.764706 0.0235294 0.0235294
v 0 0.745577 0.194937 0.764706 0.0235294 0.0235294
v 0 0.746207 0.189966 0.764706 0.0235294 0.0235294
v 0.08255 0.746565 0.184402 0.764706 0.0235294 0.0235294
v 0 0.746565 0.184402 0.764706 0.0235294 0.0235294
v 0 0.746568 0.177647 0.764706 0.0235294 0.0235294
v 0.08255 0.746206 0.171897 0.764706 0.0235294 0.0235294
v 0 0.746206 0.171897 0.764706 0.0235294 0.0235294
v 0.08255 0.745577 0.166913 0.764706 0.0235294 0.0235294
v 0 0.745577 0.166913 0.764706 0.0235294 0.0235294
v 0 0.744741 0.162526 0.764706 0.0235294 0.0235294
v 0.08255 0.743739 0.158621 0.764706 0.0235294 0.0235294
v 0 0.743739 0.158621 0.764706 0.0235294 0.0235294
v 0.08255 0.742598 0.155108 0.764706 0.0235294 0.0235294
v 0 0.742598 0.155108 0.764706 0.0235294 0.0235294
v 0.08255 0.741336 0.151918 0.764706 0.0235294 0.0235294
v 0 0.741336 0.151918 0.764706 0.0235294 0.0235294
v 0.08255 0.739813 0.148709 0.764706 0.0235294 0.0235294
v 0 0.739813 0.148709 0.764706 0.0235294 0.0235294
v 0.08255 0.738173 0.145791 0.764706 0.0235294 0.0235294
v 0 0.738173 0.145791 0.764706 0.0235294 0.0235294
v 0.08255 0.736303 0.142935 0.764706 0.0235294 0.0235294
v 0 0.736303 0.142935 0.764706 0.0235294 0.0235294
v 0 0.734127 0.140004 0.764706 0.0235294 0.0235294
v 0.08255 0.731486 0.136876 0.764706 0.0235294 0.0235294
v 0 0.731486 0.136876 0.764706 0.0235294 0.0235294
v 0 0.728619 0.133905 0.764706 0.0235294 0.0235294
v 0.08255 0.725498 0.131068 0.764706 0.0235294 0.0235294
v 0 0.725498 0.131068 0.764706 0.0235294 0.0235294
v 0.08255 0.722084 0.128348 0.764706 0.0235294 0.0235294
v 0 0.722084 0.128348 0.764706 0.0235294 0.0235294
v 0.08255 0.718329 0.125733 0.764706 0.0235294 0.0235294
v 0 0.718329 0.125733 0.764706 0.0235294 0.0235294
v 0.08255 0.714173 0.123215 0.764706 0.0235294 0.0235294
v 0 0.714173 0.123215 0.764706 0.0235294 0.0235294
v 0.08255 0.711788 0.121923 0.764706 0.0235294 0.0235294
v 0 0.711788 0.121923 0.764706 0.0235294 0.0235294
v 0.08255 0.728619 0.133905 0.764706 0.0235294 0.0235294
v 0.08255 0.734127 0.140004 0.764706 0.0235294 0.0235294
v 0.08255 0.744741 0.162526 0.764706 0.0235294 0.0235294
v 0.08255 0.746568 0.177647 0.764706 0.0235294 0.0235294
v 0.08255 0.746207 0.189966 0.764706 0.0235294 0.0235294
v 0.08255 0.741053 0.210759 0.764706 0.0235294 0.0235294
v 0.08255 0.726174 0.230523 0.764706 0.0235294 0.0235294
v 0.08255 0.711788 0.239384 0.764706 0.0235294 0.0235294
v 0.08255 0.716006 0.120055 0.764706 0.0235294 0.0235294
v 0 0.716006 0.120055 0.764706 0.0235294 0.0235294
v 0 0.719566 0.118204 0.764706 0.0235294 0.0235294
v 0 0.722608 0.116371 0.764706 0.0235294 0.0235294
v 0.08255 0.719566 0.118204 0.764706 0.0235294 0.0235294
v 0.08255 0.725234 0.114555 0.764706 0.0235294 0.0235294
v 0 0.725234 0.114555 0.764706 0.0235294 0.0235294
v 0.08255 0.727522 0.112751 0.764706 0.0235294 0.0235294
v 0 0.727522 0.112751 0.764706 0.0235294 0.0235294
v 0.08255 0.72953 0.110952 0.764706 0.0235294 0.0235294
v 0 0.72953 0.110952 0.764706 0.0235294 0.0235294
v 0.08255 0.731479 0.108957 0.764706 0.0235294 0.0235294
v 0 0.731479 0.108957 0.764706 0.0235294 0.0235294
v 0.08255 0.733175 0.106963 0.764706 0.0235294 0.0235294
v 0 0.733175 0.106963 0.764706 0.0235294 0.0235294
v 0 0.734212 0.105574 0.764706 0.0235294 0.0235294
v 0.08255 0.735119 0.104176 0.764706 0.0235294 0.0235294
v 0 0.735119 0.104176 0.764706 0.0235294 0.0235294
v 0.08255 0.736009 0.102594 0.764706 0.0235294 0.0235294
v 0 0.736009 0.102594 0.764706 0.0235294 0.0235294
v 0.08255 0.736897 0.100762 0.764706 0.0235294 0.0235294
v 0 0.736897 0.100762 0.764706 0.0235294 0.0235294
v 0 0.737778 0.0986193 0.764706 0.0235294 0.0235294
v 0.08255 0.738646 0.0960839 0.764706 0.0235294 0.0235294
v 0 0.738646 0.0960839 0.764706 0.0235294 0.0235294
v 0 0.739488 0.0930452 0.764706 0.0235294 0.0235294
v 0.08255 0.740281 0.0893497 0.764706 0.0235294 0.0235294
v 0 0.740281 0.0893497 0.764706 0.0235294 0.0235294
v 0.08255 0.740988 0.0847809 0.764706 0.0235294 0.0235294
v 0 0.740988 0.0847809 0.764706 0.0235294 0.0235294
v 0.08255 0.741542 0.0790259 0.764706 0.0235294 0.0235294
v 0 0.741542 0.0790259 0.764706 0.0235294 0.0235294
v 0.08255 0.741742 0.0753093 0.764706 0.0235294 0.0235294
v 0 0.741742 0.0753093 0.764706 0.0235294 0.0235294
v 0.08255 0.739488 0.0930452 0.764706 0.0235294 0.0235294
v 0.08255 0.737778 0.0986193 0.764706 0.0235294 0.0235294
v 0.08255 0.734212 0.105574 0.764706 0.0235294 0.0235294
v 0.08255 0.722608 0.116371 0.764706 0.0235294 0.0235294
v 0.08255 0.74292 0.0421579 0.764706 0.0235294 0.0235294
v 0 0.74292 0.0421579 0.764706 0.0235294 0.0235294
v 0 0.743504 0.032386 0.764706 0.0235294 0.0235294
v 0.08255 0.744118 0.0270264 0.764706 0.0235294 0.0235294
v 0 0.744118 0.0270264 0.764706 0.0235294 0.0235294
v 0.08255 0.744687 0.0236706 0.764706 0.0235294 0.0235294
v 0 0.744687 0.0236706 0.764706 0.0235294 0.0235294
v 0.08255 0.745276 0.0211227 0.764706 0.0235294 0.0235294
v 0 0.745276 0.0211227 0.764706 0.0235294 0.0235294
v 0.08255 0.743504 0.032386 0.764706 0.0235294 0.0235294
v 0.08255 0.745977 0.0187013 0.764706 0.0235294 0.0235294
v 0 0.745977 0.0187013 0.764706 0.0235294 0.0235294
v 0.08255 0.746693 0.0167031 0.764706 0.0235294 0.0235294
v 0 0.746693 0.0167031 0.764706 0.0235294 0.0235294
v 0.08255 0.747415 0.0150265 0.764706 0.0235294 0.0235294
v 0 0.747415 0.0150265 0.764706 0.0235294 0.0235294
v 0.08255 0.748138 0.013601 0.764706 0.0235294 0.0235294
v 0 0.748138 0.013601 0.764706 0.0235294 0.0235294
v 0.08255 0.74886 0.0123748 0.764706 0.0235294 0.0235294
v 0 0.74886 0.0123748 0.764706 0.0235294 0.0235294
v 0.08255 0.749581 0.0113095 0.764706 0.0235294 0.0235294
v 0 0.749581 0.0113095 0.764706 0.0235294 0.0235294
v 0.08255 0.750302 0.0103759 0.764706 0.0235294 0.0235294
v 0 0.750302 0.0103759 0.764706 0.0235294 0.0235294
v 0.08255 0.751109 0.00946391 0.764706 0.0235294 0.0235294
v 0 0.751109 0.00946391 0.764706 0.0235294 0.0235294
v 0 0.751916 0.00867041 0.764706 0.0235294 0.0235294
v 0.08255 0.752726 0.00797725 0.764706 0.0235294 0.0235294
v 0 0.752726 0.00797725 0.764706 0.0235294 0.0235294
v 0.08255 0.753545 0.00736845 0.764706 0.0235294 0.0235294
v 0 0.753545 0.00736845 0.764706 0.0235294 0.0235294
v 0 0.754378 0.00683226 0.764706 0.0235294 0.0235294
v 0.08255 0.755234 0.00636022 0.764706 0.0235294 0.0235294
v 0 0.755234 0.00636022 0.764706 0.0235294 0.0235294
v 0.08255 0.756046 0.00597739 0.764706 0.0235294 0.0235294
v 0 0.756046 0.00597739 0.764706 0.0235294 0.0235294
v 0.08255 0.754378 0.00683226 0.764706 0.0235294 0.0235294
v 0.08255 0.751916 0.00867041 0.764706 0.0235294 0.0235294
v 0.08255 0.756046 0.000424098 0.764706 0.0235294 0.0235294
v 0 0.756046 0.000424098 0.764706 0.0235294 0.0235294
v 0.08255 0.714985 0.000424098 0.764706 0.0235294 0.0235294
v 0 0.714985 0.000424098 0.764706 0.0235294 0.0235294
v 0.08255 0.714422 0.00158826 0.764706 0.0235294 0.0235294
v 0 0.714422 0.00158826 0.764706 0.0235294 0.0235294
v 0.08255 0.713893 0.00288041 0.764706 0.0235294 0.0235294
v 0 0.713893 0.00288041 0.764706 0.0235294 0.0235294
v 0.08255 0.713342 0.00448763 0.764706 0.0235294 0.0235294
v 0 0.713342 0.00448763 0.764706 0.0235294 0.0235294
v 0.08255 0.712776 0.00651036 0.764706 0.0235294 0.0235294
v 0 0.712776 0.00651036 0.764706 0.0235294 0.0235294
v 0.08255 0.712206 0.00912142 0.764706 0.0235294 0.0235294
v 0 0.712206 0.00912142 0.764706 0.0235294 0.0235294
v 0.08255 0.711687 0.0128102 0.764706 0.0235294 0.0235294
v 0 0.711687 0.0128102 0.764706 0.0235294 0.0235294
v 0 0.710705 0.0262233 0.764706 0.0235294 0.0235294
v 0.08255 0.71061 0.0281905 0.764706 0.0235294 0.0235294
v 0 0.71061 0.0281905 0.764706 0.0235294 0.0235294
v 0.08255 0.710705 0.0262233 0.764706 0.0235294 0.0235294
v 0.08255 0.70859 0.0694195 0.764706 0.0235294 0.0235294
v 0 0.70859 0.0694195 0.764706 0.0235294 0.0235294
v 0.08255 0.708265 0.073528 0.764706 0.0235294 0.0235294
v 0 0.708265 0.073528 0.764706 0.0235294 0.0235294
v 0.08255 0.707766 0.0770333 0.764706 0.0235294 0.0235294
v 0 0.707766 0.0770333 0.764706 0.0235294 0.0235294
v 0.08255 0.707138 0.0800682 0.764706 0.0235294 0.0235294
v 0 0.707138 0.0800682 0.764706 0.0235294 0.0235294
v 0.08255 0.706411 0.0827286 0.764706 0.0235294 0.0235294
v 0 0.706411 0.0827286 0.764706 0.0235294 0.0235294
v 0.08255 0.705605 0.0850871 0.764706 0.0235294 0.0235294
v 0 0.705605 0.0850871 0.764706 0.0235294 0.0235294
v 0 0.704731 0.0871992 0.764706 0.0235294 0.0235294
v 0.08255 0.703796 0.0891079 0.764706 0.0235294 0.0235294
v 0 0.703796 0.0891079 0.764706 0.0235294 0.0235294
v 0.08255 0.702738 0.0909553 0.764706 0.0235294 0.0235294
v 0 0.702738 0.0909553 0.764706 0.0235294 0.0235294
v 0.08255 0.701585 0.0926843 0.764706 0.0235294 0.0235294
v 0 0.701585 0.0926843 0.764706 0.0235294 0.0235294
v 0 0.700373 0.0942572 0.764706 0.0235294 0.0235294
v 0.08255 0.699097 0.0956985 0.764706 0.0235294 0.0235294
v 0 0.699097 0.0956985 0.764706 0.0235294 0.0235294
v 0.08255 0.69775 0.0970281 0.764706 0.0235294 0.0235294
v 0 0.69775 0.0970281 0.764706 0.0235294 0.0235294
v 0.08255 0.696323 0.0982613 0.764706 0.0235294 0.0235294
v 0 0.696323 0.0982613 0.764706 0.0235294 0.0235294
v 0.08255 0.694801 0.0994091 0.764706 0.0235294 0.0235294
v 0 0.694801 0.0994091 0.764706 0.0235294 0.0235294
v 0.08255 0.693171 0.10048 0.764706 0.0235294 0.0235294
v 0 0.693171 0.10048 0.764706 0.0235294 0.0235294
v 0.08255 0.691412 0.101478 0.764706 0.0235294 0.0235294
v 0 0.691412 0.101478 0.764706 0.0235294 0.0235294
v 0.08255 0.690584 0.101898 0.764706 0.0235294 0.0235294
v 0 0.690584 0.101898 0.764706 0.0235294 0.0235294
v 0.08255 0.700373 0.0942572 0.764706 0.0235294 0.0235294
v 0.08255 0.704731 0.0871992 0.764706 0.0235294 0.0235294
v 0.08255 0.688886 0.102633 0.764706 0.0235294 0.0235294
v 0 0.688886 0.102633 0.764706 0.0235294 0.0235294
v 0 0.687008 0.103311 0.764706 0.0235294 0.0235294
v 0.08255 0.68468 0.104001 0.764706 0.0235294 0.0235294
v 0 0.68468 0.104001 0.764706 0.0235294 0.0235294
v 0 0.681762 0.104685 0.764706 0.0235294 0.0235294
v 0.08255 0.678029 0.10534 0.764706 0.0235294 0.0235294
v 0 0.678029 0.10534 0.764706 0.0235294 0.0235294
v 0.08255 0.67208 0.10601 0.764706 0.0235294 0.0235294
v 0 0.67208 0.10601 0.764706 0.0235294 0.0235294
v 0.08255 0.663385 0.106417 0.764706 0.0235294 0.0235294
v 0 0.663385 0.106417 0.764706 0.0235294 0.0235294
v 0.08255 0.660462 0.106441 0.764706 0.0235294 0.0235294
v 0 0.660462 0.106441 0.764706 0.0235294 0.0235294
v 0.08255 0.681762 0.104685 0.764706 0.0235294 0.0235294
v 0.08255 0.687008 0.103311 0.764706 0.0235294 0.0235294
v 0.08255 0.58423 0.106441 0.764706 0.0235294 0.0235294
v 0 0.58423 0.106441 0.764706 0.0235294 0.0235294
v 0.08255 0.58423 0.000424098 0.764706 0.0235294 0.0235294
v 0 0.58423 0.000424098 0.764706 0.0235294 0.0235294
v 0.08255 0.550742 0.000424098 0.764706 0.0235294 0.0235294
v 0 0.550742 0.000424098 0.764706 0.0235294 0.0235294
v 0.08255 0.550742 0.24763 0.764706 0.0235294 0.0235294
v 0 0.550742 0.24763 0.764706 0.0235294 0.0235294
v 0.08255 0.665174 0.24763 0.764706 0.0235294 0.0235294
v 0 0.665174 0.24763 0.764706 0.0235294 0.0235294
v 0.08255 0.675992 0.247306 0.764706 0.0235294 0.0235294
v 0 0.675992 0.247306 0.764706 0.0235294 0.0235294
v 0 0.684837 0.246488 0.764706 0.0235294 0.0235294
v 0.08255 0.692222 0.245338 0.764706 0.0235294 0.0235294
v 0 0.692222 0.245338 0.764706 0.0235294 0.0235294
v 0.08255 0.698486 0.243957 0.764706 0.0235294 0.0235294
v 0 0.698486 0.243957 0.764706 0.0235294 0.0235294
v 0.08255 0.703873 0.242411 0.764706 0.0235294 0.0235294
v 0 0.703873 0.242411 0.764706 0.0235294 0.0235294
v 0.08255 0.708564 0.240739 0.764706 0.0235294 0.0235294
v 0 0.708564 0.240739 0.764706 0.0235294 0.0235294
v 0.08255 0.684837 0.246488 0.764706 0.0235294 0.0235294
v 0 0.7124 0.171698 0.764706 0.0235294 0.0235294
v 0 0.712614 0.176187 0.764706 0.0235294 0.0235294
v 0 0.711989 0.167881 0.764706 0.0235294 0.0235294
v 0 0.67473 0.21849 0.764706 0.0235294 0.0235294
v 0 0.669322 0.218805 0.764706 0.0235294 0.0235294
v 0 0.710764 0.16173 0.764706 0.0235294 0.0235294
v 0 0.679192 0.217967 0.764706 0.0235294 0.0235294
v 0 0.711431 0.164595 0.764706 0.0235294 0.0235294
v 0 0.682929 0.217301 0.764706 0.0235294 0.0235294
v 0 0.712543 0.181246 0.764706 0.0235294 0.0235294
v 0 0.696888 0.211849 0.764706 0.0235294 0.0235294
v 0 0.694916 0.213029 0.764706 0.0235294 0.0235294
v 0 0.686103 0.216537 0.764706 0.0235294 0.0235294
v 0 0.688832 0.215702 0.764706 0.0235294 0.0235294
v 0 0.710008 0.159206 0.764706 0.0235294 0.0235294
v 0 0.6912 0.214815 0.764706 0.0235294 0.0235294
v 0 0.693445 0.213805 0.764706 0.0235294 0.0235294
v 0 0.70918 0.15696 0.764706 0.0235294 0.0235294
v 0 0.708289 0.154944 0.764706 0.0235294 0.0235294
v 0 0.698693 0.210605 0.764706 0.0235294 0.0235294
v 0 0.707339 0.153117 0.764706 0.0235294 0.0235294
v 0 0.66164 0.134376 0.764706 0.0235294 0.0235294
v 0 0.668322 0.134578 0.764706 0.0235294 0.0235294
v 0 0.700357 0.209291 0.764706 0.0235294 0.0235294
v 0 0.712242 0.184958 0.764706 0.0235294 0.0235294
v 0 0.711772 0.188209 0.764706 0.0235294 0.0235294
v 0 0.706332 0.151451 0.764706 0.0235294 0.0235294
v 0 0.58423 0.134376 0.764706 0.0235294 0.0235294
v 0 0.701898 0.2079 0.764706 0.0235294 0.0235294
v 0 0.711171 0.19108 0.764706 0.0235294 0.0235294
v 0 0.705266 0.14992 0.764706 0.0235294 0.0235294
v 0 0.698914 0.1438 0.764706 0.0235294 0.0235294
v 0 0.700287 0.144808 0.764706 0.0235294 0.0235294
v 0 0.703332 0.206422 0.764706 0.0235294 0.0235294
v 0 0.704137 0.148505 0.764706 0.0235294 0.0235294
v 0 0.698052 0.143223 0.764706 0.0235294 0.0235294
v 0 0.67393 0.135098 0.764706 0.0235294 0.0235294
v 0 0.704673 0.204843 0.764706 0.0235294 0.0235294
v 0 0.707094 0.20132 0.764706 0.0235294 0.0235294
v 0 0.705928 0.203144 0.764706 0.0235294 0.0235294
v 0 0.70762 0.200399 0.764706 0.0235294 0.0235294
v 0 0.709666 0.195961 0.764706 0.0235294 0.0235294
v 0 0.708685 0.198293 0.764706 0.0235294 0.0235294
v 0 0.710464 0.193646 0.764706 0.0235294 0.0235294
v 0 0.702938 0.147189 0.764706 0.0235294 0.0235294
v 0 0.695474 0.14167 0.764706 0.0235294 0.0235294
v 0 0.678717 0.135847 0.764706 0.0235294 0.0235294
v 0 0.701658 0.14596 0.764706 0.0235294 0.0235294
v 0 0.682861 0.136763 0.764706 0.0235294 0.0235294
v 0 0.686493 0.137809 0.764706 0.0235294 0.0235294
v 0 0.689711 0.138959 0.764706 0.0235294 0.0235294
v 0 0.692592 0.140198 0.764706 0.0235294 0.0235294
v 0 0.666015 0.218853 0.764706 0.0235294 0.0235294
v 0 0.58423 0.218853 0.764706 0.0235294 0.0235294
v 0.08255 0.66164 0.134376 0.764706 0.0235294 0.0235294
v 0.08255 0.58423 0.134376 0.764706 0.0235294 0.0235294
v 0.08255 0.668322 0.134578 0.764706 0.0235294 0.0235294
v 0.08255 0.67393 0.135098 0.764706 0.0235294 0.0235294
v 0.08255 0.678717 0.135847 0.764706 0.0235294 0.0235294
v 0.08255 0.686493 0.137809 0.764706 0.0235294 0.0235294
v 0.08255 0.692592 0.140198 0.764706 0.0235294 0.0235294
v 0.08255 0.695474 0.14167 0.764706 0.0235294 0.0235294
v 0.08255 0.698914 0.1438 0.764706 0.0235294 0.0235294
v 0.08255 0.698052 0.143223 0.764706 0.0235294 0.0235294
v 0.08255 0.689711 0.138959 0.764706 0.0235294 0.0235294
v 0.08255 0.682861 0.136763 0.764706 0.0235294 0.0235294
v 0.08255 0.700287 0.144808 0.764706 0.0235294 0.0235294
v 0.08255 0.701658 0.14596 0.764706 0.0235294 0.0235294
v 0.08255 0.702938 0.147189 0.764706 0.0235294 0.0235294
v 0.08255 0.704137 0.148505 0.764706 0.0235294 0.0235294
v 0.08255 0.706332 0.151451 0.764706 0.0235294 0.0235294
v 0.08255 0.708289 0.154944 0.764706 0.0235294 0.0235294
v 0.08255 0.70918 0.15696 0.764706 0.0235294 0.0235294
v 0.08255 0.710008 0.159206 0.764706 0.0235294 0.0235294
v 0.08255 0.710764 0.16173 0.764706 0.0235294 0.0235294
v 0.08255 0.711431 0.164595 0.764706 0.0235294 0.0235294
v 0.08255 0.711989 0.167881 0.764706 0.0235294 0.0235294
v 0.08255 0.7124 0.171698 0.764706 0.0235294 0.0235294
v 0.08255 0.712543 0.181246 0.764706 0.0235294 0.0235294
v 0.08255 0.712242 0.184958 0.764706 0.0235294 0.0235294
v 0.08255 0.711772 0.188209 0.764706 0.0235294 0.0235294
v 0.08255 0.711171 0.19108 0.764706 0.0235294 0.0235294
v 0.08255 0.709666 0.195961 0.764706 0.0235294 0.0235294
v 0.08255 0.708685 0.198293 0.764706 0.0235294 0.0235294
v 0.08255 0.70762 0.200399 0.764706 0.0235294 0.0235294
v 0.08255 0.707094 0.20132 0.764706 0.0235294 0.0235294
v 0.08255 0.705928 0.203144 0.764706 0.0235294 0.0235294
v 0.08255 0.704673 0.204843 0.764706 0.0235294 0.0235294
v 0.08255 0.703332 0.206422 0.764706 0.0235294 0.0235294
v 0.08255 0.701898 0.2079 0.764706 0.0235294 0.0235294
v 0.08255 0.698693 0.210605 0.764706 0.0235294 0.0235294
v 0.08255 0.696888 0.211849 0.764706 0.0235294 0.0235294
v 0.08255 0.693445 0.213805 0.764706 0.0235294 0.0235294
v 0.08255 0.694916 0.213029 0.764706 0.0235294 0.0235294
v 0.08255 0.700357 0.209291 0.764706 0.0235294 0.0235294
v 0.08255 0.710464 0.193646 0.764706 0.0235294 0.0235294
v 0.08255 0.712614 0.176187 0.764706 0.0235294 0.0235294
v 0.08255 0.707339 0.153117 0.764706 0.0235294 0.0235294
v 0.08255 0.705266 0.14992 0.764706 0.0235294 0.0235294
v 0.08255 0.6912 0.214815 0.764706 0.0235294 0.0235294
v 0.08255 0.688832 0.215702 0.764706 0.0235294 0.0235294
v 0.08255 0.682929 0.217301 0.764706 0.0235294 0.0235294
v 0.08255 0.679192 0.217967 0.764706 0.0235294 0.0235294
v 0.08255 0.67473 0.21849 0.764706 0.0235294 0.0235294
v 0.08255 0.666015 0.218853 0.764706 0.0235294 0.0235294
v 0.08255 0.669322 0.218805 0.764706 0.0235294 0.0235294
v 0.08255 0.686103 0.216537 0.764706 0.0235294 0.0235294
v 0.08255 0.58423 0.218853 0.764706 0.0235294 0.0235294
vn 0 0.469723 0.882814
vn 0 0.413472 0.910517
vn 0 0.524205 0.851592
vn 0 0.582417 0.81289
vn 0 0.637363 0.770564
vn 0 0.68871 0.725037
vn 0 0.736347 0.676604
vn 0 0.780181 0.625554
vn 0 0.82013 0.572177
vn 0 0.856129 0.516763
vn 0 0.888432 0.459009
vn 0 0.916348 0.400383
vn 0 0.940213 0.340588
vn 0 0.960025 0.279915
vn 0 0.975804 0.218648
vn 0 0.987588 0.157066
vn 0 0.995435 0.0954452
vn 0 0.99942 0.0340553
vn 0 0.999475 -0.0323923
vn 0 0.99549 -0.0948615
vn 0 0.987611 -0.15692
vn 0 0.975847 -0.218454
vn 0 0.960232 -0.279202
vn 0 0.940819 -0.338909
vn 0 0.917677 -0.397326
vn 0 0.887924 -0.459991
vn 0 0.854183 -0.519972
vn 0 0.820324 -0.571899
vn 0 0.784951 -0.619557
vn 0 0.742177 -0.670204
vn 0 0.696541 -0.717517
vn 0 0.648328 -0.761361
vn 0 0.597809 -0.801639
vn 0 0.54526 -0.838267
vn 0 0.49096 -0.871182
vn 0 0.461638 -0.887069
vn 0 0.696541 -0.717517
vn 0 0.784951 -0.619557
vn 0 0.975847 -0.218454
vn 0 0.999475 -0.0323923
vn 0 0.995435 0.0954452
vn 0 0.916348 0.400383
vn 0 0.637363 0.770564
vn 0 0.413472 0.910517
vn 0 0.434017 0.900905
vn 0 0.376955 0.926232
vn 0 0.489473 0.872018
vn 0 0.543097 0.83967
vn 0 0.594654 0.803982
vn 0 0.643922 0.765091
vn 0 0.690692 0.723149
vn 0 0.739284 0.673393
vn 0 0.783961 0.62081
vn 0 0.821029 0.570887
vn 0 0.85551 0.517786
vn 0 0.885852 0.463968
vn 0 0.912574 0.408911
vn 0 0.935653 0.352921
vn 0 0.955101 0.296279
vn 0 0.970953 0.23927
vn 0 0.983266 0.182178
vn 0 0.99212 0.125287
vn 0 0.997624 0.0688866
vn 0 0.999238 0.0390327
vn 0 0.970953 0.23927
vn 0 0.935653 0.352921
vn 0 0.821029 0.570887
vn 0 0.543097 0.83967
vn 0 0.376955 0.926232
vn -0 0.999369 0.0355106
vn 0 0.995989 0.0894778
vn 0 0.999363 0.0356915
vn 0 0.98982 0.142328
vn 0 0.980638 0.195829
vn 0 0.965843 0.259129
vn 0 0.995989 0.0894778
vn 0 0.951127 0.3088
vn 0 0.968493 0.249041
vn 0 0.930046 0.367444
vn 0 0.905294 0.424786
vn 0 0.876958 0.480567
vn 0 0.845141 0.534543
vn 0 0.809964 0.58648
vn 0 0.771561 0.636155
vn 0 0.725183 0.688556
vn 0 0.675655 0.737218
vn 0 0.62345 0.781863
vn 0 0.568874 0.822424
vn 0 0.512227 0.85885
vn 0 0.453808 0.891099
vn 0 0.398726 0.91707
vn 0 0.512227 0.85885
vn 0 0.675655 0.737218
vn 0 0.968493 0.249041
vn -0 1 0
vn 0 0 -1
vn -0 -0.913574 -0.406673
vn -0 -0.884918 -0.465746
vn -0 -0.935785 -0.352572
vn -0 -0.954656 -0.297712
vn -0 -0.970099 -0.242709
vn -0 -0.983754 -0.179523
vn -0 -0.993737 -0.111748
vn -0 -0.998732 -0.0503478
vn -0 -0.99892 -0.0464614
vn -0 -0.884918 -0.465746
vn 0 -0.998803 -0.0489209
vn -0 -0.993852 -0.110714
vn -0 -0.998821 -0.0485538
vn -0 -0.985003 -0.172537
vn -0 -0.972286 -0.233795
vn -0 -0.955736 -0.294224
vn -0 -0.935409 -0.353566
vn -0 -0.911377 -0.411573
vn -0 -0.883728 -0.468001
vn -0 -0.850417 -0.526109
vn -0 -0.812261 -0.583294
vn -0 -0.770677 -0.637226
vn -0 -0.72597 -0.687726
vn -0 -0.678419 -0.734675
vn -0 -0.628302 -0.777969
vn -0 -0.575903 -0.817518
vn -0 -0.521504 -0.853249
vn -0 -0.46539 -0.885106
vn -0 -0.440015 -0.89799
vn -0 -0.770677 -0.637226
vn -0 -0.911377 -0.411573
vn -0 -0.998821 -0.0485538
vn -0 -0.367838 -0.92989
vn -0 -0.428086 -0.903738
vn -0 -0.312814 -0.949815
vn -0 -0.257169 -0.966366
vn -0 -0.201522 -0.979484
vn -0 -0.146152 -0.989262
vn -0 -0.081364 -0.996684
vn -0 -0.0167112 -0.99986
vn -0 -0 -1
vn -0 -0.201522 -0.979484
vn -0 -0.312814 -0.949815
vn -0 -0.428086 -0.903738
vn 0 0 -1
vn -0 1 0
vn 0 -1 0
vn 0 0 1
vn 0 0.0620214 0.998075
vn 0 0.123873 0.992298
vn 0 0.185424 0.982659
vn 0 0.246391 0.96917
vn 0 0.306505 0.951869
vn 0 0.365505 0.930809
vn 0 0.410017 0.912078
vn 0 0.123873 0.992298
vn 0 -0 1
vn -1 -0 -0
vn 0 -0.0622041 0.998063
vn 0 -0 1
vn 0 -0.124254 0.99225
vn 0 -0.185956 0.982558
vn 0 -0.247039 0.969006
vn 0 -0.307239 0.951632
vn 0 -0.366301 0.930496
vn 0 -0.423976 0.905673
vn 0 -0.486262 0.873813
vn 0 -0.545712 0.837973
vn 0 -0.566314 0.824189
vn 0 -0.366301 0.930496
vn 0 -0.247039 0.969006
vn 0 -0 1
vn 0 -0.617047 0.786926
vn 0 -0.566314 0.824189
vn 0 -0.668418 0.743785
vn 0 -0.716388 0.697702
vn 0 -0.760807 0.648978
vn 0 -0.801578 0.59789
vn 0 -0.838619 0.544719
vn 0 -0.871866 0.489745
vn 0 -0.901273 0.433251
vn 0 -0.926814 0.37552
vn 0 -0.948481 0.316834
vn 0 -0.966286 0.257473
vn 0 -0.980259 0.197716
vn 0 -0.990455 0.137839
vn 0 -0.996944 0.0781142
vn 0 -0.999823 0.0188107
vn -0 -0.99872 -0.0505749
vn -0 -0.993633 -0.112666
vn -0 -0.984639 -0.174605
vn -0 -0.971767 -0.235943
vn -0 -0.955058 -0.29642
vn -0 -0.934568 -0.355785
vn -0 -0.907464 -0.420129
vn -0 -0.8762 -0.481948
vn -0 -0.860189 -0.509975
vn -0 -0.823761 -0.566938
vn -0 -0.783605 -0.62126
vn -0 -0.74029 -0.672288
vn -0 -0.694091 -0.719887
vn -0 -0.645283 -0.763944
vn -0 -0.594141 -0.804361
vn -0 -0.540945 -0.841058
vn -0 -0.485975 -0.873973
vn -0 -0.447214 -0.894427
vn -0 -0.645283 -0.763944
vn -0 -0.955058 -0.29642
vn 0 -0.999823 0.0188107
vn 0 -0.871866 0.489745
vn 0 -0.801578 0.59789
vn 0 -0.566314 0.824189
vn -0 -0.379908 -0.925024
vn -0 -0.44132 -0.89735
vn -0 -0.322368 -0.946614
vn -0 -0.264046 -0.96451
vn -0 -0.205383 -0.978682
vn -0 -0.146649 -0.989189
vn -0 -0.0881216 -0.99611
vn -0 -0.0300732 -0.999548
vn -0 -0 -1
vn -0 -0.264046 -0.96451
vn -0 -0.44132 -0.89735
vn 0 0 -1
vn -0 1 0
vt 0.16994 0
vt 0.16994 1
vt 0.152539 1
vt 0.186398 0
vt 0.186398 1
vt 0.203822 0
vt 0.203822 1
vt 0.220394 1
vt 0.23628 0
vt 0.23628 1
vt 0.251671 0
vt 0.251671 1
vt 0.266733 0
vt 0.266733 1
vt 0.281615 0
vt 0.281615 1
vt 0.296455 0
vt 0.296455 1
vt 0.311539 0
vt 0.311539 1
vt 0.326694 1
vt 0.342209 0
vt 0.342209 1
vt 0.358231 0
vt 0.358231 1
vt 0.374919 0
vt 0.374919 1
vt 0.392453 0
vt 0.392453 1
vt 0.411045 1
vt 0.430942 0
vt 0.430942 1
vt 0.454273 1
vt 0.474956 0
vt 0.474956 1
vt 0.493829 0
vt 0.493829 1
vt 0.511287 1
vt 0.527602 0
vt 0.527602 1
vt 0.542996 0
vt 0.542996 1
vt 0.557655 0
vt 0.557655 1
vt 0.573165 0
vt 0.573165 1
vt 0.58803 0
vt 0.58803 1
vt 0.603363 0
vt 0.603363 1
vt 0.619807 1
vt 0.638223 0
vt 0.638223 1
vt 0.656693 1
vt 0.675372 0
vt 0.675372 1
vt 0.694428 0
vt 0.694428 1
vt 0.714035 0
vt 0.714035 1
vt 0.734385 0
vt 0.734385 1
vt 0.745516 0
vt 0.745516 1
vt 0.656693 0
vt 0.619807 0
vt 0.511287 0
vt 0.454273 0
vt 0.411045 0
vt 0.326694 0
vt 0.220394 0
vt 0.152539 0
vt 0.764781 0
vt 0.764781 1
vt 0.745516 1
vt 0.782345 1
vt 0.798544 1
vt 0.782345 0
vt 0.813641 0
vt 0.813641 1
vt 0.827849 0
vt 0.827849 1
vt 0.841345 0
vt 0.841345 1
vt 0.855627 0
vt 0.855627 1
vt 0.86928 0
vt 0.86928 1
vt 0.878356 1
vt 0.886816 0
vt 0.886816 1
vt 0.895699 0
vt 0.895699 1
vt 0.905257 0
vt 0.905257 1
vt 0.915639 1
vt 0.927036 0
vt 0.927036 1
vt 0.939686 1
vt 0.953897 0
vt 0.953897 1
vt 0.970072 0
vt 0.970072 1
vt 0.988747 0
vt 0.988747 1
vt 1 0
vt 1 1
vt 0.939686 0
vt 0.915639 0
vt 0.878356 0
vt 0.798544 0
vt 0.745516 0
vt -0.0165862 0
vt -0.0165862 -0.08255
vt 0.0165862 -0.08255
vt 0.0165862 0
vt 0.141802 1
vt 0 1
vt 0 0
vt 0.23684 0
vt 0.23684 1
vt 0.307269 0
vt 0.307269 1
vt 0.370008 0
vt 0.370008 1
vt 0.141802 0
vt 0.437328 0
vt 0.437328 1
vt 0.370008 1
vt 0.49739 0
vt 0.49739 1
vt 0.55175 0
vt 0.55175 1
vt 0.601532 0
vt 0.601532 1
vt 0.647622 0
vt 0.647622 1
vt 0.690731 0
vt 0.690731 1
vt 0.731441 0
vt 0.731441 1
vt 0.774544 0
vt 0.774544 1
vt 0.815497 1
vt 0.854712 0
vt 0.854712 1
vt 0.892666 0
vt 0.892666 1
vt 0.929776 1
vt 0.966409 0
vt 0.966409 1
vt 1 0
vt 1 1
vt 0.929776 0
vt 0.815497 0
vt 0.370008 0
vt -0.00277664 0
vt -0.00277664 -0.08255
vt 0.00277664 -0.08255
vt 0.00277664 0
vt -0 -0.0205303
vt 0.08255 -0.0205303
vt 0.08255 0.0205303
vt 0 0.0205303
vt 0.0866765 0
vt 0.0866765 1
vt 0 1
vt 0.174441 0
vt 0.174441 1
vt 0.274199 0
vt 0.274199 1
vt 0.388501 0
vt 0.388501 1
vt 0.521497 0
vt 0.521497 1
vt 0.65827 0
vt 0.65827 1
vt 0.965229 1
vt 1 0
vt 1 1
vt 0.965229 0
vt 0 0
vt -0.0206392 0
vt -0.0206392 -0.08255
vt 0.0206392 -0.08255
vt 0.0206392 0
vt 0.055725 0
vt 0.055725 1
vt 0 1
vt 0.106113 0
vt 0.106113 1
vt 0.152248 0
vt 0.152248 1
vt 0.194955 0
vt 0.194955 1
vt 0.234893 0
vt 0.234893 1
vt 0.272602 1
vt 0.308535 0
vt 0.308535 1
vt 0.345287 0
vt 0.345287 1
vt 0.381766 0
vt 0.381766 1
vt 0.417046 1
vt 0.451487 0
vt 0.451487 1
vt 0.485438 0
vt 0.485438 1
vt 0.519215 0
vt 0.519215 1
vt 0.553122 0
vt 0.553122 1
vt 0.587459 0
vt 0.587459 1
vt 0.622533 0
vt 0.622533 1
vt 0.638417 0
vt 0.638417 1
vt 0.417046 0
vt 0.272602 0
vt 0 0
vt 0.668958 0
vt 0.668958 1
vt 0.638417 1
vt 0.699873 1
vt 0.734989 0
vt 0.734989 1
vt 0.775199 1
vt 0.821949 0
vt 0.821949 1
vt 0.88853 0
vt 0.88853 1
vt 0.973749 0
vt 0.973749 1
vt 1 0
vt 1 1
vt 0.775199 0
vt 0.699873 0
vt 0.638417 0
vt -0 -0.0381158
vt 0.08255 -0.0381158
vt 0.08255 0.0381158
vt 0 0.0381158
vt -0.0530087 0
vt -0.0530087 -0.08255
vt 0.0530087 -0.08255
vt 0.0530087 0
vt -0 -0.016744
vt 0.08255 -0.016744
vt 0.08255 0.016744
vt 0 0.016744
vt -0.123603 0
vt -0.123603 -0.08255
vt 0.123603 -0.08255
vt 0.123603 0
vt 0 0.0572157
vt -0.08255 0.0572157
vt -0.08255 -0.0572157
vt 0 -0.0572157
vt 0.0302367 0
vt 0.0302367 1
vt 0 1
vt 0.0567562 1
vt 0.0804153 0
vt 0.0804153 1
vt 0.101798 0
vt 0.101798 1
vt 0.121354 0
vt 0.121354 1
vt 0.139437 0
vt 0.139437 1
vt 0.152539 0
vt 0.152539 1
vt 0.0567562 0
vt 0 0
vt 0.52109 -0.0543549
vt 0.554242 -0.0484651
vt 0.55542 -0.0816165
vt 0.558706 0.0481224
vt 0.558077 0.0431384
vt 0.5249 0.0479232
vt 0.523205 -0.0975512
vt 0.556618 -0.096748
vt 0.557187 -0.100104
vt 0.52311 -0.0955839
vt 0.520765 -0.0502464
vt 0.554042 -0.0447486
vt 0.525114 0.0524124
vt 0.559068 0.0538722
vt 0.557241 0.0387519
vt 0.524489 0.0441071
vt 0.558477 -0.105073
vt 0.524706 -0.114653
vt 0.524187 -0.110964
vt 0.556004 -0.0913884
vt 0.488492 0.123531
vt 0.48723 0.0947155
vt 0.481822 0.0950303
vt 0.556239 0.0348467
vt 0.555098 0.0313339
vt 0.553836 0.0281441
vt 0.523264 0.0379557
vt 0.525276 -0.117264
vt 0.559193 -0.107071
vt 0.526393 -0.120894
vt 0.525842 -0.119287
vt 0.557776 -0.102652
vt 0.477674 0.123855
vt 0.497337 0.122714
vt 0.491692 0.0941921
vt 0.523931 0.0408203
vt 0.559915 -0.108748
vt 0.527485 -0.12335
vt 0.504722 0.121564
vt 0.495429 0.0935269
vt 0.525043 0.0574717
vt 0.526922 -0.122186
vt 0.524288 0.115609
vt 0.509388 0.0880748
vt 0.507416 0.0892546
vt 0.552313 0.0249341
vt 0.520266 -0.0467411
vt 0.498603 0.0927627
vt 0.510986 0.120183
vt 0.501332 0.0919273
vt 0.521064 0.116965
vt 0.522508 0.0354318
vt 0.550673 0.0220167
vt 0.519638 -0.0437063
vt 0.552781 -0.0344247
vt 0.553488 -0.0389935
vt 0.516373 0.118636
vt 0.5037 0.0910407
vt 0.505945 0.0900306
vt 0.52834 0.113616
vt 0.52168 0.0331859
vt 0.548803 0.0191611
vt 0.524288 -0.0018511
vt 0.49718 -0.0197737
vt 0.494262 -0.0190892
vt 0.520789 0.0311692
vt 0.546627 0.0162297
vt 0.499508 -0.0204633
vt 0.518911 -0.0410458
vt 0.551988 -0.0307292
vt 0.511193 0.0868301
vt 0.519839 0.029343
vt 0.543986 0.0131021
vt 0.39673 -0.017333
vt 0.47414 0.0106017
vt 0.480822 0.0108034
vt 0.501386 -0.0211414
vt 0.505671 -0.0232948
vt 0.503912 -0.0222968
vt 0.518105 -0.0386873
vt 0.551146 -0.0276905
vt 0.560638 -0.110173
vt 0.531943 0.111554
vt 0.512857 0.0855161
vt 0.558707 0.0661912
vt 0.524742 0.0611838
vt 0.524272 0.0644341
vt 0.559065 0.0606275
vt 0.518832 0.0276767
vt 0.541119 0.0101306
vt 0.39673 0.0106017
vt 0.490529 -0.0184347
vt 0.503084 -0.0218766
vt 0.550278 -0.0251552
vt 0.535512 0.109183
vt 0.514398 0.0841254
vt 0.558077 0.0711627
vt 0.523671 0.0673059
vt 0.517766 0.0261458
vt 0.537998 0.0072934
vt 0.526673 -0.000559112
vt 0.511414 0.0200255
vt 0.512787 0.0210337
vt 0.475885 -0.0173569
vt 0.472962 -0.017333
vt 0.56136 -0.1114
vt 0.538674 0.106748
vt 0.515832 0.0826474
vt 0.556169 0.0797396
vt 0.55722 0.0756503
vt 0.516637 0.0247303
vt 0.534584 0.0045733
vt 0.510552 0.0194487
vt 0.48643 0.011324
vt 0.48458 -0.0177648
vt 0.507301 -0.0243653
vt 0.517231 -0.0365753
vt 0.516296 -0.0346665
vt 0.546712 -0.0182002
vt 0.549397 -0.0230123
vt 0.541492 0.104251
vt 0.517173 0.0810682
vt 0.548385 0.0962427
vt 0.519594 0.0775459
vt 0.518428 0.07937
vt 0.550272 0.0933374
vt 0.52012 0.0766247
vt 0.553553 0.0869845
vt 0.522166 0.072187
vt 0.521185 0.0745186
vt 0.554943 0.0834991
vt 0.522964 0.0698716
vt 0.515438 0.0234143
vt 0.530829 0.00195811
vt 0.507974 0.0178957
vt 0.491217 0.0120724
vt 0.508823 -0.0255132
vt 0.547619 -0.0195984
vt 0.562081 -0.112465
vt 0.544023 0.101679
vt 0.552003 0.090241
vt 0.514158 0.0221851
vt 0.495361 0.012989
vt 0.528506 -0.00371952
vt 0.51025 -0.0267463
vt 0.515238 -0.0328191
vt 0.543979 -0.0148173
vt 0.548509 -0.0211802
vt 0.54631 0.0990157
vt 0.498993 0.0140348
vt 0.568546 -0.12335
vt 0.566878 -0.116942
vt 0.567734 -0.117414
vt 0.566045 -0.116406
vt 0.532066 -0.00557084
vt 0.511597 -0.0280759
vt 0.545675 -0.0168115
vt 0.562802 -0.113399
vt 0.502211 0.0151848
vt 0.535108 -0.00740332
vt 0.512873 -0.0295172
vt 0.514085 -0.0310901
vt 0.540022 -0.0110233
vt 0.505092 0.0164232
vt 0.565226 -0.115797
vt 0.537734 -0.00921914
vt 0.54203 -0.0128226
vt 0.363242 -0.12335
vt 0.564416 -0.115104
vt 0.563609 -0.114311
vt 0.478515 0.095079
vt 0.363242 0.123855
vt 0.39673 0.095079
vt 0.39673 -0.12335
vt 0.568546 -0.117797
vt 0 0.0387047
vt -0.08255 0.0387047
vt -0.08255 -0.0387047
vt 0 -0.0387047
vt 0.146288 0
vt 0.146288 1
vt 0 1
vt 0.276846 0
vt 0.276846 1
vt 0.395041 0
vt 0.395041 1
vt 0.503309 1
vt 0.603572 0
vt 0.603572 1
vt 0.697371 1
vt 0.785969 0
vt 0.785969 1
vt 0.879772 1
vt 0.968916 1
vt 0.879772 0
vt 1 0
vt 1 1
vt 0.968916 0
vt 0.697371 0
vt 0.503309 0
vt 0 0
vt 0.019393 0
vt 0.019393 1
vt 0 1
vt 0.0398738 0
vt 0.0398738 1
vt 0.0601716 0
vt 0.0601716 1
vt 0.0804583 0
vt 0.0804583 1
vt 0.100914 1
vt 0.12172 0
vt 0.12172 1
vt 0.143065 1
vt 0.165153 0
vt 0.165153 1
vt 0.188208 0
vt 0.188208 1
vt 0.212486 0
vt 0.212486 1
vt 0.238286 0
vt 0.238286 1
vt 0.265961 0
vt 0.265961 1
vt 0.295939 0
vt 0.295939 1
vt 0.328749 0
vt 0.328749 1
vt 0.365055 1
vt 0.404627 0
vt 0.404627 1
vt 0.435178 0
vt 0.435178 1
vt 0.463316 0
vt 0.463316 1
vt 0.48943 0
vt 0.48943 1
vt 0.51391 1
vt 0.537078 0
vt 0.537078 1
vt 0.561602 0
vt 0.561602 1
vt 0.584956 0
vt 0.584956 1
vt 0.595579 0
vt 0.595579 1
vt 0.617452 0
vt 0.617452 1
vt 0.638958 0
vt 0.638958 1
vt 0.660124 0
vt 0.660124 1
vt 0.681148 0
vt 0.681148 1
vt 0.702219 1
vt 0.723524 0
vt 0.723524 1
vt 0.745253 0
vt 0.745253 1
vt 0.767605 1
vt 0.783482 0
vt 0.783482 1
vt 0.767605 0
vt 0.702219 0
vt 0.51391 0
vt 0.365055 0
vt 0.143065 0
vt 0.100914 0
vt 0 0
vt 0.806351 0
vt 0.806351 1
vt 0.783482 1
vt 0.828923 0
vt 0.828923 1
vt 0.853339 1
vt 0.879944 0
vt 0.879944 1
vt 0.90925 0
vt 0.90925 1
vt 0.941899 0
vt 0.941899 1
vt 0.978726 1
vt 1 0
vt 1 1
vt 0.978726 0
vt 0.853339 0
vt 0.783482 0
vt -0 -0.0408924
vt 0.08255 -0.0408924
vt 0.08255 0.0408924
vt 0 0.0408924
vt -0.0422386 0
vt -0.0422386 -0.08255
vt 0.0422386 -0.08255
vt 0.0422386 0
f 206/236/14 207/237/14 208/238/15
f 209/239/16 210/240/16 207/237/14
f 211/241/17 212/242/17 210/240/16
f 213/243/18 212/242/17 211/241/17
f 214/244/19 215/245/19 213/243/18
f 216/246/20 217/247/20 215/245/19
f 218/248/21 219/249/21 217/247/20
f 220/250/22 221/251/22 219/249/21
f 222/252/23 223/253/23 221/251/22
f 224/254/24 225/255/24 223/253/23
f 226/256/25 225/255/24 224/254/24
f 227/257/26 228/258/26 226/256/25
f 229/259/27 230/260/27 228/258/26
f 231/261/28 232/262/28 230/260/27
f 233/263/29 234/264/29 232/262/28
f 235/265/30 234/264/29 233/263/29
f 236/266/31 237/267/31 235/265/30
f 238/268/32 237/267/31 236/266/31
f 239/269/33 240/270/33 238/268/32
f 241/271/34 242/272/34 240/270/33
f 243/273/35 242/272/34 241/271/34
f 244/274/36 245/275/36 243/273/35
f 246/276/37 247/277/37 245/275/36
f 248/278/38 249/279/38 247/277/37
f 250/280/39 251/281/39 249/279/38
f 252/282/40 253/283/40 251/281/39
f 254/284/41 255/285/41 253/283/40
f 256/286/42 255/285/41 254/284/41
f 257/287/43 258/288/43 256/286/42
f 259/289/44 258/288/43 257/287/43
f 260/290/45 261/291/45 259/289/44
f 262/292/46 263/293/46 261/291/45
f 264/294/47 265/295/47 263/293/46
f 266/296/48 267/297/48 265/295/47
f 268/298/49 269/299/49 267/297/48
f 267/297/48 266/296/48 268/298/49
f 265/295/47 264/294/47 266/296/48
f 263/293/46 262/292/46 264/294/47
f 261/291/45 260/290/45 262/292/46
f 259/289/44 270/300/50 260/290/45
f 257/287/43 270/300/50 259/289/44
f 256/286/42 271/301/51 257/287/43
f 254/284/41 271/301/51 256/286/42
f 253/283/40 252/282/40 254/284/41
f 251/281/39 250/280/39 252/282/40
f 249/279/38 248/278/38 250/280/39
f 247/277/37 246/276/37 248/278/38
f 245/275/36 244/274/36 246/276/37
f 243/273/35 272/302/52 244/274/36
f 241/271/34 272/302/52 243/273/35
f 240/270/33 239/269/33 241/271/34
f 238/268/32 273/303/53 239/269/33
f 236/266/31 273/303/53 238/268/32
f 235/265/30 274/304/54 236/266/31
f 233/263/29 274/304/54 235/265/30
f 232/262/28 231/261/28 233/263/29
f 230/260/27 229/259/27 231/261/28
f 228/258/26 227/257/26 229/259/27
f 226/256/25 275/305/55 227/257/26
f 224/254/24 275/305/55 226/256/25
f 223/253/23 222/252/23 224/254/24
f 221/251/22 220/250/22 222/252/23
f 219/249/21 218/248/21 220/250/22
f 217/247/20 216/246/20 218/248/21
f 215/245/19 214/244/19 216/246/20
f 213/243/18 276/306/56 214/244/19
f 211/241/17 276/306/56 213/243/18
f 210/240/16 209/239/16 211/241/17
f 207/237/14 206/236/14 209/239/16
f 208/238/15 277/307/57 206/236/14
f 278/308/58 279/309/58 269/310/59
f 280/311/60 279/309/58 278/308/58
f 281/312/61 280/311/60 282/313/60
f 283/314/62 284/315/62 281/312/61
f 285/316/63 286/317/63 284/315/62
f 287/318/64 288/319/64 286/317/63
f 289/320/65 290/321/65 288/319/64
f 291/322/66 292/323/66 290/321/65
f 293/324/67 292/323/66 291/322/66
f 294/325/68 295/326/68 293/324/67
f 296/327/69 297/328/69 295/326/68
f 298/329/70 299/330/70 297/328/69
f 300/331/71 299/330/70 298/329/70
f 301/332/72 302/333/72 300/331/71
f 303/334/73 302/333/72 301/332/72
f 304/335/74 305/336/74 303/334/73
f 306/337/75 307/338/75 305/336/74
f 308/339/76 309/340/76 307/338/75
f 310/341/77 311/342/77 309/340/76
f 309/340/76 308/339/76 310/341/77
f 307/338/75 306/337/75 308/339/76
f 305/336/74 304/335/74 306/337/75
f 303/334/73 312/343/78 304/335/74
f 301/332/72 312/343/78 303/334/73
f 300/331/71 313/344/79 301/332/72
f 298/329/70 313/344/79 300/331/71
f 297/328/69 296/327/69 298/329/70
f 295/326/68 294/325/68 296/327/69
f 293/324/67 314/345/80 294/325/68
f 291/322/66 314/345/80 293/324/67
f 290/321/65 289/320/65 291/322/66
f 288/319/64 287/318/64 289/320/65
f 286/317/63 285/316/63 287/318/64
f 284/315/62 283/314/62 285/316/63
f 281/312/61 315/346/81 283/314/62
f 282/313/60 315/346/81 281/312/61
f 278/308/58 282/313/60 280/311/60
f 269/310/59 268/347/82 278/308/58
f 316/348/83 317/349/83 311/350/83
f 311/350/83 310/351/83 316/348/83
f 318/352/84 317/353/85 316/354/85
f 319/355/86 320/356/86 318/352/84
f 321/357/87 322/358/87 320/356/86
f 323/359/88 324/360/88 322/358/87
f 322/358/87 321/357/87 323/359/88
f 320/356/86 319/355/86 321/357/87
f 318/352/84 325/361/89 319/355/86
f 316/354/85 325/361/89 318/352/84
f 326/362/90 327/363/90 324/364/91
f 328/365/92 329/366/92 327/363/90
f 330/367/93 331/368/93 329/366/92
f 332/369/94 333/370/94 331/368/93
f 334/371/95 335/372/95 333/370/94
f 336/373/96 337/374/96 335/372/95
f 338/375/97 339/376/97 337/374/96
f 340/377/98 341/378/98 339/376/97
f 342/379/99 341/378/98 340/377/98
f 343/380/100 344/381/100 342/379/99
f 345/382/101 346/383/101 344/381/100
f 347/384/102 346/383/101 345/382/101
f 348/385/103 349/386/103 347/384/102
f 350/387/104 351/388/104 349/386/103
f 349/386/103 348/385/103 350/387/104
f 347/384/102 352/389/105 348/385/103
f 345/382/101 352/389/105 347/384/102
f 344/381/100 343/380/100 345/382/101
f 342/379/99 353/390/106 343/380/100
f 340/377/98 353/390/106 342/379/99
f 339/376/97 338/375/97 340/377/98
f 337/374/96 336/373/96 338/375/97
f 335/372/95 334/371/95 336/373/96
f 333/370/94 332/369/94 334/371/95
f 331/368/93 330/367/93 332/369/94
f 329/366/92 328/365/92 330/367/93
f 327/363/90 326/362/90 328/365/92
f 324/364/91 323/391/107 326/362/90
f 354/392/108 355/393/108 351/394/108
f 351/394/108 350/395/108 354/392/108
f 356/396/109 357/397/109 355/398/109
f 355/398/109 354/399/109 356/396/109
f 358/400/110 359/401/110 357/402/111
f 360/403/112 361/404/112 359/401/110
f 362/405/113 363/406/113 361/404/112
f 364/407/114 365/408/114 363/406/113
f 366/409/115 367/410/115 365/408/114
f 368/411/116 369/412/116 367/410/115
f 370/413/117 369/412/116 368/411/116
f 371/414/118 372/415/118 370/413/117
f 370/413/117 373/416/117 371/414/118
f 368/411/116 373/416/117 370/413/117
f 367/410/115 366/409/115 368/411/116
f 365/408/114 364/407/114 366/409/115
f 363/406/113 362/405/113 364/407/114
f 361/404/112 360/403/112 362/405/113
f 359/401/110 358/400/110 360/403/112
f 357/402/111 356/417/119 358/400/110
f 374/418/120 375/419/120 372/420/120
f 372/420/120 371/421/120 374/418/120
f 376/422/121 377/423/121 375/424/122
f 378/425/123 379/426/123 377/423/121
f 380/427/124 381/428/124 379/426/123
f 382/429/125 383/430/125 381/428/124
f 384/431/126 385/432/126 383/430/125
f 386/433/127 385/432/126 384/431/126
f 387/434/128 388/435/128 386/433/127
f 389/436/129 390/437/129 388/435/128
f 391/438/130 392/439/130 390/437/129
f 393/440/131 392/439/130 391/438/130
f 394/441/132 395/442/132 393/440/131
f 396/443/133 397/444/133 395/442/132
f 398/445/134 399/446/134 397/444/133
f 400/447/135 401/448/135 399/446/134
f 402/449/136 403/450/136 401/448/135
f 404/451/137 405/452/137 403/450/136
f 406/453/138 407/454/138 405/452/137
f 405/452/137 404/451/137 406/453/138
f 403/450/136 402/449/136 404/451/137
f 401/448/135 400/447/135 402/449/136
f 399/446/134 398/445/134 400/447/135
f 397/444/133 396/443/133 398/445/134
f 395/442/132 394/441/132 396/443/133
f 393/440/131 408/455/139 394/441/132
f 391/438/130 408/455/139 393/440/131
f 390/437/129 389/436/129 391/438/130
f 388/435/128 387/434/128 389/436/129
f 386/433/127 409/456/140 387/434/128
f 384/431/126 409/456/140 386/433/127
f 383/430/125 382/429/125 384/431/126
f 381/428/124 380/427/124 382/429/125
f 379/426/123 378/425/123 380/427/124
f 377/423/121 376/422/121 378/425/123
f 375/424/122 374/457/141 376/422/121
f 410/458/142 411/459/142 407/460/143
f 412/461/144 411/459/142 410/458/142
f 413/462/145 414/463/145 412/461/144
f 415/464/146 414/463/145 413/462/145
f 416/465/147 417/466/147 415/464/146
f 418/467/148 419/468/148 417/466/147
f 420/469/149 421/470/149 419/468/148
f 422/471/150 423/472/150 421/470/149
f 421/470/149 420/469/149 422/471/150
f 419/468/148 418/467/148 420/469/149
f 417/466/147 416/465/147 418/467/148
f 415/464/146 424/473/151 416/465/147
f 413/462/145 424/473/151 415/464/146
f 412/461/144 425/474/152 413/462/145
f 410/458/142 425/474/152 412/461/144
f 407/460/143 406/475/153 410/458/142
f 426/476/154 427/477/154 423/478/154
f 423/478/154 422/479/154 426/476/154
f 428/480/155 429/481/155 427/482/155
f 427/482/155 426/483/155 428/480/155
f 430/484/154 431/485/154 429/486/154
f 429/486/154 428/487/154 430/484/154
f 432/488/156 433/489/156 431/490/156
f 431/490/156 430/491/156 432/488/156
f 434/492/157 435/493/157 433/494/157
f 433/494/157 432/495/157 434/492/157
f 436/496/158 437/497/158 435/498/157
f 438/499/159 437/497/158 436/496/158
f 439/500/160 440/501/160 438/499/159
f 441/502/161 442/503/161 440/501/160
f 443/504/162 444/505/162 442/503/161
f 445/506/163 446/507/163 444/505/162
f 277/508/164 208/509/164 446/507/163
f 446/507/163 445/506/163 277/508/164
f 444/505/162 443/504/162 445/506/163
f 442/503/161 441/502/161 443/504/162
f 440/501/160 439/500/160 441/502/161
f 438/499/159 447/510/165 439/500/160
f 436/496/158 447/510/165 438/499/159
f 435/498/157 434/511/166 436/496/158
f 375/512/167 311/513/167 317/514/167
f 240/515/167 242/516/167 448/517/167
f 370/518/167 320/519/167 322/520/167
f 320/519/167 370/518/167 372/521/167
f 377/522/167 309/523/167 311/513/167
f 317/514/167 372/521/167 375/512/167
f 449/524/167 238/525/167 240/515/167
f 242/516/167 243/526/167 450/527/167
f 327/528/167 367/529/167 369/530/167
f 372/521/167 318/531/167 320/519/167
f 317/514/167 318/531/167 372/521/167
f 437/532/167 451/533/167 452/534/167
f 450/527/167 448/517/167 242/516/167
f 450/527/167 243/526/167 245/535/167
f 247/536/167 249/537/167 453/538/167
f 365/539/167 367/529/167 327/528/167
f 329/540/167 361/541/167 363/542/167
f 369/530/167 322/520/167 324/543/167
f 311/513/167 375/512/167 377/522/167
f 452/534/167 435/544/167 437/532/167
f 437/532/167 438/545/167 454/546/167
f 245/535/167 455/547/167 450/527/167
f 455/547/167 245/535/167 247/536/167
f 329/540/167 331/548/167 357/549/167
f 363/542/167 365/539/167 329/540/167
f 322/520/167 369/530/167 370/518/167
f 454/546/167 451/533/167 437/532/167
f 438/545/167 440/550/167 456/551/167
f 238/525/167 449/524/167 457/552/167
f 453/538/167 455/547/167 247/536/167
f 357/549/167 359/553/167 329/540/167
f 369/530/167 324/543/167 327/528/167
f 456/551/167 454/546/167 438/545/167
f 208/554/167 458/555/167 459/556/167
f 448/517/167 449/524/167 240/515/167
f 453/538/167 249/537/167 251/557/167
f 309/523/167 377/522/167 379/558/167
f 327/528/167 329/540/167 365/539/167
f 440/550/167 460/559/167 456/551/167
f 442/560/167 461/561/167 460/559/167
f 459/556/167 446/562/167 208/554/167
f 251/557/167 462/563/167 453/538/167
f 462/563/167 251/557/167 253/564/167
f 381/565/167 305/566/167 307/567/167
f 359/553/167 361/541/167 329/540/167
f 460/559/167 440/550/167 442/560/167
f 442/560/167 444/568/167 463/569/167
f 444/568/167 446/562/167 464/570/167
f 208/554/167 207/571/167 458/555/167
f 253/564/167 465/572/167 462/563/167
f 465/572/167 253/564/167 255/573/167
f 269/574/167 414/575/167 415/576/167
f 379/558/167 307/567/167 309/523/167
f 463/569/167 461/561/167 442/560/167
f 459/556/167 464/570/167 446/562/167
f 255/573/167 466/577/167 465/572/167
f 466/577/167 255/573/167 256/578/167
f 269/574/167 412/579/167 414/575/167
f 383/580/167 303/581/167 305/566/167
f 307/567/167 379/558/167 381/565/167
f 464/570/167 463/569/167 444/568/167
f 467/582/167 458/555/167 207/571/167
f 256/578/167 468/583/167 466/577/167
f 468/583/167 256/578/167 258/584/167
f 427/585/167 469/586/167 470/587/167
f 269/574/167 411/588/167 412/579/167
f 269/574/167 403/589/167 405/590/167
f 385/591/167 302/592/167 303/581/167
f 331/548/167 333/593/167 357/549/167
f 207/571/167 210/594/167 467/582/167
f 471/595/167 467/582/167 210/594/167
f 235/596/167 472/597/167 473/598/167
f 237/599/167 457/552/167 472/597/167
f 258/584/167 474/600/167 468/583/167
f 474/600/167 258/584/167 259/601/167
f 427/585/167 475/602/167 469/586/167
f 415/576/167 417/603/167 269/574/167
f 405/590/167 407/604/167 269/574/167
f 385/591/167 300/605/167 302/592/167
f 305/566/167 381/565/167 383/580/167
f 210/594/167 212/606/167 471/595/167
f 476/607/167 471/595/167 212/606/167
f 234/608/167 473/598/167 477/609/167
f 472/597/167 235/596/167 237/599/167
f 259/601/167 478/610/167 474/600/167
f 478/610/167 259/601/167 261/611/167
f 267/612/167 479/613/167 480/614/167
f 479/613/167 267/612/167 269/574/167
f 470/587/167 269/574/167 427/585/167
f 269/574/167 421/615/167 423/616/167
f 407/604/167 411/588/167 269/574/167
f 333/593/167 335/617/167 357/549/167
f 212/606/167 213/618/167 476/607/167
f 481/619/167 476/607/167 213/618/167
f 230/620/167 232/621/167 477/609/167
f 473/598/167 234/608/167 235/596/167
f 261/611/167 482/622/167 478/610/167
f 482/622/167 261/611/167 263/623/167
f 269/574/167 483/624/167 479/613/167
f 470/587/167 484/625/167 269/574/167
f 269/574/167 419/626/167 421/615/167
f 269/574/167 401/627/167 403/589/167
f 386/628/167 388/629/167 293/630/167
f 386/628/167 299/631/167 300/605/167
f 303/581/167 383/580/167 385/591/167
f 213/618/167 215/632/167 481/619/167
f 485/633/167 481/619/167 215/632/167
f 221/634/167 486/635/167 487/636/167
f 223/637/167 488/638/167 486/635/167
f 226/639/167 489/640/167 490/641/167
f 228/642/167 230/620/167 491/643/167
f 477/609/167 232/621/167 234/608/167
f 263/623/167 492/644/167 482/622/167
f 492/644/167 263/623/167 265/645/167
f 269/574/167 493/646/167 483/624/167
f 484/625/167 494/647/167 269/574/167
f 417/603/167 419/626/167 269/574/167
f 399/648/167 401/627/167 269/574/167
f 293/630/167 295/649/167 386/628/167
f 335/617/167 337/650/167 357/549/167
f 215/632/167 217/651/167 485/633/167
f 487/636/167 485/633/167 217/651/167
f 486/635/167 221/634/167 223/637/167
f 225/652/167 490/641/167 488/638/167
f 490/641/167 225/652/167 226/639/167
f 477/609/167 491/643/167 230/620/167
f 265/645/167 495/653/167 492/644/167
f 480/614/167 265/645/167 267/612/167
f 494/647/167 496/654/167 269/574/167
f 269/574/167 279/655/167 399/648/167
f 397/656/167 399/648/167 279/655/167
f 388/629/167 390/657/167 290/658/167
f 295/649/167 297/659/167 386/628/167
f 300/605/167 385/591/167 386/628/167
f 217/651/167 219/660/167 487/636/167
f 488/638/167 223/637/167 225/652/167
f 491/643/167 489/640/167 228/642/167
f 480/614/167 495/653/167 265/645/167
f 496/654/167 497/661/167 269/574/167
f 355/662/167 347/663/167 349/664/167
f 357/549/167 346/665/167 347/663/167
f 279/655/167 280/666/167 397/656/167
f 395/667/167 397/656/167 280/666/167
f 290/658/167 292/668/167 388/629/167
f 337/650/167 339/669/167 357/549/167
f 487/636/167 219/660/167 221/634/167
f 457/552/167 237/599/167 238/525/167
f 497/661/167 498/670/167 269/574/167
f 347/663/167 355/662/167 357/549/167
f 280/666/167 281/671/167 395/667/167
f 393/672/167 395/667/167 281/671/167
f 390/657/167 392/673/167 286/674/167
f 297/659/167 299/631/167 386/628/167
f 226/639/167 228/642/167 489/640/167
f 498/670/167 499/675/167 269/574/167
f 357/549/167 344/676/167 346/665/167
f 281/671/167 284/677/167 393/672/167
f 392/673/167 393/672/167 284/677/167
f 286/674/167 288/678/167 390/657/167
f 292/668/167 293/630/167 388/629/167
f 431/679/167 475/602/167 427/585/167
f 499/675/167 493/646/167 269/574/167
f 357/549/167 342/680/167 344/676/167
f 284/677/167 286/674/167 392/673/167
f 339/669/167 341/681/167 357/549/167
f 452/534/167 500/682/167 435/544/167
f 433/683/167 501/684/167 475/602/167
f 357/549/167 341/681/167 342/680/167
f 288/678/167 290/658/167 390/657/167
f 475/602/167 431/679/167 433/683/167
f 435/544/167 500/682/167 501/684/167
f 423/616/167 427/585/167 269/574/167
f 501/684/167 433/683/167 435/544/167
f 427/585/167 429/685/167 431/679/167
f 349/664/167 351/686/167 355/662/167
f 502/687/166 469/688/166 475/689/166
f 475/689/166 503/690/166 502/687/166
f 504/691/168 470/692/168 469/693/169
f 505/694/170 484/695/170 470/692/168
f 506/696/171 494/697/171 484/695/170
f 496/698/172 494/697/171 506/696/171
f 507/699/173 497/700/173 496/698/172
f 498/701/174 497/700/173 507/699/173
f 508/702/175 499/703/175 498/701/174
f 493/704/176 499/703/175 508/702/175
f 483/705/177 493/704/176 509/706/176
f 510/707/178 479/708/178 483/705/177
f 483/705/177 511/709/177 510/707/178
f 509/706/176 511/709/177 483/705/177
f 508/702/175 509/706/176 493/704/176
f 498/701/174 512/710/179 508/702/175
f 507/699/173 512/710/179 498/701/174
f 496/698/172 513/711/180 507/699/173
f 506/696/171 513/711/180 496/698/172
f 484/695/170 505/694/170 506/696/171
f 470/692/168 504/691/168 505/694/170
f 469/693/169 502/712/181 504/691/168
f 514/713/182 480/714/182 479/715/183
f 515/716/184 495/717/184 480/714/182
f 516/718/185 492/719/185 495/717/184
f 517/720/186 482/721/186 492/719/185
f 478/722/187 482/721/186 517/720/186
f 518/723/188 474/724/188 478/722/187
f 468/725/189 474/724/188 518/723/188
f 519/726/190 466/727/190 468/725/189
f 520/728/191 465/729/191 466/727/190
f 521/730/192 462/731/192 465/729/191
f 522/732/193 453/733/193 462/731/192
f 523/734/194 455/735/194 453/733/193
f 524/736/195 450/737/195 455/735/194
f 525/738/196 448/739/196 450/737/195
f 449/740/197 448/739/196 525/738/196
f 526/741/198 457/742/198 449/740/197
f 527/743/199 472/744/199 457/742/198
f 528/745/200 473/746/200 472/744/199
f 529/747/201 477/748/201 473/746/200
f 491/749/202 477/748/201 529/747/201
f 530/750/203 489/751/203 491/749/202
f 531/752/204 490/753/204 489/751/203
f 532/754/205 488/755/205 490/753/204
f 533/756/206 486/757/206 488/755/205
f 534/758/207 487/759/207 486/757/206
f 535/760/208 485/761/208 487/759/207
f 536/762/209 481/763/209 485/761/208
f 537/764/210 476/765/210 481/763/209
f 471/766/211 476/765/210 537/764/210
f 538/767/212 467/768/212 471/766/211
f 539/769/213 458/770/213 467/768/212
f 459/771/214 458/770/213 539/769/213
f 540/772/215 464/773/215 459/771/214
f 459/771/214 541/774/214 540/772/215
f 539/769/213 541/774/214 459/771/214
f 467/768/212 538/767/212 539/769/213
f 471/766/211 542/775/216 538/767/212
f 537/764/210 542/775/216 471/766/211
f 481/763/209 536/762/209 537/764/210
f 485/761/208 535/760/208 536/762/209
f 487/759/207 534/758/207 535/760/208
f 486/757/206 533/756/206 534/758/207
f 488/755/205 532/754/205 533/756/206
f 490/753/204 531/752/204 532/754/205
f 489/751/203 530/750/203 531/752/204
f 491/749/202 543/776/217 530/750/203
f 529/747/201 543/776/217 491/749/202
f 473/746/200 528/745/200 529/747/201
f 472/744/199 527/743/199 528/745/200
f 457/742/198 526/741/198 527/743/199
f 449/740/197 544/777/218 526/741/198
f 525/738/196 544/777/218 449/740/197
f 450/737/195 524/736/195 525/738/196
f 455/735/194 523/734/194 524/736/195
f 453/733/193 522/732/193 523/734/194
f 462/731/192 521/730/192 522/732/193
f 465/729/191 520/728/191 521/730/192
f 466/727/190 519/726/190 520/728/191
f 468/725/189 545/778/219 519/726/190
f 518/723/188 545/778/219 468/725/189
f 478/722/187 546/779/220 518/723/188
f 517/720/186 546/779/220 478/722/187
f 492/719/185 516/718/185 517/720/186
f 495/717/184 515/716/184 516/718/185
f 480/714/182 514/713/182 515/716/184
f 479/715/183 510/780/221 514/713/182
f 547/781/222 463/782/222 464/783/223
f 548/784/224 461/785/224 463/782/222
f 460/786/225 461/785/224 548/784/224
f 549/787/226 456/788/226 460/786/225
f 550/789/227 454/790/227 456/788/226
f 551/791/228 451/792/228 454/790/227
f 452/793/229 451/792/228 551/791/228
f 552/794/230 500/795/230 452/793/229
f 452/793/229 553/796/229 552/794/230
f 551/791/228 553/796/229 452/793/229
f 454/790/227 550/789/227 551/791/228
f 456/788/226 549/787/226 550/789/227
f 460/786/225 554/797/231 549/787/226
f 548/784/224 554/797/231 460/786/225
f 463/782/222 547/781/222 548/784/224
f 464/783/223 540/798/232 547/781/222
f 555/799/233 501/800/233 500/801/233
f 500/801/233 552/802/233 555/799/233
f 503/803/234 475/804/234 501/805/234
f 501/805/234 555/806/234 503/803/234
g Body_05
v 0.08255 0.260962 0.0744679 0.764706 0.0235294 0.0235294
v 0.08255 0.358733 0.0744679 0.764706 0.0235294 0.0235294
v 0.08255 0.347963 0.10173 0.764706 0.0235294 0.0235294
v 0.08255 0.199875 0.000424098 0.764706 0.0235294 0.0235294
v 0.08255 0.234205 0.000424098 0.764706 0.0235294 0.0235294
v 0.08255 0.420492 0.000424098 0.764706 0.0235294 0.0235294
v 0.08255 0.270554 0.10173 0.764706 0.0235294 0.0235294
v 0.08255 0.330798 0.24763 0.764706 0.0235294 0.0235294
v 0.08255 0.310436 0.210944 0.764706 0.0235294 0.0235294
v 0.08255 0.292935 0.24763 0.764706 0.0235294 0.0235294
v 0.08255 0.383807 0.000424098 0.764706 0.0235294 0.0235294
vn 1 0 0
vt 0.0734616 -0.0493065
vt 0.171233 -0.0493065
vt 0.160463 -0.0220449
vt 0.0123754 -0.12335
vt 0.0467048 -0.12335
vt 0.232992 -0.12335
vt 0.0830536 -0.0220449
vt 0.143298 0.123855
vt 0.122936 0.0871698
vt 0.105435 0.123855
vt 0.196307 -0.12335
f 556/807/235 557/808/235 558/809/235
f 559/810/235 560/811/235 556/807/235
f 561/812/235 558/809/235 557/808/235
f 556/807/235 562/813/235 559/810/235
f 563/814/235 564/815/235 558/809/235
f 558/809/235 562/813/235 556/807/235
f 563/814/235 565/816/235 564/815/235
f 558/809/235 561/812/235 563/814/235
f 565/816/235 559/810/235 562/813/235
f 562/813/235 564/815/235 565/816/235
f 557/808/235 566/817/235 561/812/235
v 0.08255 0.420492 0.000424098 0.764706 0.0235294 0.0235294
v 0 0.420492 0.000424098 0.764706 0.0235294 0.0235294
v 0 0.330798 0.24763 0.764706 0.0235294 0.0235294
v 0.08255 0.330798 0.24763 0.764706 0.0235294 0.0235294
v 0.08255 0.383807 0.000424098 0.764706 0.0235294 0.0235294
v 0 0.383807 0.000424098 0.764706 0.0235294 0.0235294
v 0.08255 0.358733 0.0744679 0.764706 0.0235294 0.0235294
v 0 0.358733 0.0744679 0.764706 0.0235294 0.0235294
v 0.08255 0.260962 0.0744679 0.764706 0.0235294 0.0235294
v 0 0.260962 0.0744679 0.764706 0.0235294 0.0235294
v 0.08255 0.234205 0.000424098 0.764706 0.0235294 0.0235294
v 0 0.234205 0.000424098 0.764706 0.0235294 0.0235294
v 0.08255 0.199875 0.000424098 0.764706 0.0235294 0.0235294
v 0 0.199875 0.000424098 0.764706 0.0235294 0.0235294
v 0.08255 0.292935 0.24763 0.764706 0.0235294 0.0235294
v 0 0.292935 0.24763 0.764706 0.0235294 0.0235294
v 0 0.270554 0.10173 0.764706 0.0235294 0.0235294
v 0 0.347963 0.10173 0.764706 0.0235294 0.0235294
v 0 0.310436 0.210944 0.764706 0.0235294 0.0235294
v 0.08255 0.310436 0.210944 0.764706 0.0235294 0.0235294
v 0.08255 0.347963 0.10173 0.764706 0.0235294 0.0235294
v 0.08255 0.270554 0.10173 0.764706 0.0235294 0.0235294
vn -0 0.940036 0.341075
vn 0 0 -1
vn 0 -0.947166 -0.320745
vn 0 0.940478 -0.339855
vn 0 0 -1
vn 0 -0.935883 0.35231
vn 0 0 1
vn -1 -0 -0
vn 0 -0.945729 -0.324958
vn 0 0.939328 -0.343021
vn 0 0 1
vt -0.131487 0
vt -0.131487 -0.08255
vt 0.131487 -0.08255
vt 0.131487 0
vt -0 -0.0183427
vt 0.08255 -0.0183427
vt 0.08255 0.0183427
vt 0 0.0183427
vt -0.0390871 0
vt -0.0390871 -0.08255
vt 0.0390871 -0.08255
vt 0.0390871 0
vt -0 -0.0488858
vt 0.08255 -0.0488858
vt 0.08255 0.0488858
vt 0 0.0488858
vt -0.039365 0
vt -0.039365 -0.08255
vt 0.039365 -0.08255
vt 0.039365 0
vt -0 -0.0171647
vt 0.08255 -0.0171647
vt 0.08255 0.0171647
vt 0 0.0171647
vt -0.132071 0
vt -0.132071 -0.08255
vt 0.132071 -0.08255
vt 0.132071 0
vt 0 0.0189317
vt -0.08255 0.0189317
vt -0.08255 -0.0189317
vt 0 -0.0189317
vt 0.0123754 -0.12335
vt 0.0830536 -0.0220449
vt 0.0734616 -0.0493065
vt 0.160463 -0.0220449
vt 0.143298 0.123855
vt 0.232992 -0.12335
vt 0.171233 -0.0493065
vt 0.196307 -0.12335
vt 0.122936 0.0871698
vt 0.0467048 -0.12335
vt 0.105435 0.123855
vt -0.057741 0
vt -0.057741 -0.08255
vt 0.057741 -0.08255
vt 0.057741 0
vt -0.0581345 0
vt -0.0581345 -0.08255
vt 0.0581345 -0.08255
vt 0.0581345 0
vt 0 0.0387047
vt -0.08255 0.0387047
vt -0.08255 -0.0387047
vt 0 -0.0387047
f 567/818/236 568/819/236 569/820/236
f 569/820/236 570/821/236 567/818/236
f 571/822/237 572/823/237 568/824/237
f 568/824/237 567/825/237 571/822/237
f 573/826/238 574/827/238 572/828/238
f 572/828/238 571/829/238 573/826/238
f 575/830/237 576/831/237 574/832/237
f 574/832/237 573/833/237 575/830/237
f 577/834/239 578/835/239 576/836/239
f 576/836/239 575/837/239 577/834/239
f 579/838/240 580/839/240 578/840/240
f 578/840/240 577/841/240 579/838/240
f 581/842/241 582/843/241 580/844/241
f 580/844/241 579/845/241 581/842/241
f 570/846/242 569/847/242 582/848/242
f 582/848/242 581/849/242 570/846/242
f 580/850/243 583/851/243 576/852/243
f 576/852/243 583/851/243 584/853/243
f 569/854/243 568/855/243 584/853/243
f 584/853/243 574/856/243 576/852/243
f 568/855/243 572/857/243 574/856/243
f 584/853/243 585/858/243 569/854/243
f 574/856/243 584/853/243 568/855/243
f 576/852/243 578/859/243 580/850/243
f 582/860/243 585/858/243 583/851/243
f 583/851/243 580/850/243 582/860/243
f 585/858/243 582/860/243 569/854/243
f 586/861/244 585/862/244 584/863/244
f 584/863/244 587/864/244 586/861/244
f 588/865/245 583/866/245 585/867/245
f 585/867/245 586/868/245 588/865/245
f 587/869/246 584/870/246 583/871/246
f 583/871/246 588/872/246 587/869/246
g Body_02
v 0.08255 -0.380681 0.134695 0.764706 0.0235294 0.0235294
v 0.08255 -0.346292 0.126668 0.764706 0.0235294 0.0235294
v 0.08255 -0.345651 0.137628 0.764706 0.0235294 0.0235294
v 0.08255 -0.38104 0.121186 0.764706 0.0235294 0.0235294
v 0.08255 -0.34638 0.120577 0.764706 0.0235294 0.0235294
v 0.08255 -0.380941 0.116181 0.764706 0.0235294 0.0235294
v 0.08255 -0.380207 0.104462 0.764706 0.0235294 0.0235294
v 0.08255 -0.346084 0.110963 0.764706 0.0235294 0.0235294
v 0.08255 -0.140067 0.128318 0.764706 0.0235294 0.0235294
v 0.08255 -0.140435 0.140577 0.764706 0.0235294 0.0235294
v 0.08255 -0.174694 0.13756 0.764706 0.0235294 0.0235294
v 0.08255 -0.379661 0.145605 0.764706 0.0235294 0.0235294
v 0.08255 -0.344526 0.147058 0.764706 0.0235294 0.0235294
v 0.08255 -0.140462 0.115452 0.764706 0.0235294 0.0235294
v 0.08255 -0.174446 0.123683 0.764706 0.0235294 0.0235294
v 0.08255 -0.174396 0.127813 0.764706 0.0235294 0.0235294
v 0.08255 -0.378088 0.155608 0.764706 0.0235294 0.0235294
v 0.08255 -0.343033 0.155272 0.764706 0.0235294 0.0235294
v 0.08255 -0.141439 0.151476 0.764706 0.0235294 0.0235294
v 0.08255 -0.175499 0.14616 0.764706 0.0235294 0.0235294
v 0.08255 -0.37578 0.165821 0.764706 0.0235294 0.0235294
v 0.08255 -0.341253 0.162505 0.764706 0.0235294 0.0235294
v 0.08255 -0.142964 0.16129 0.764706 0.0235294 0.0235294
v 0.08255 -0.176707 0.153839 0.764706 0.0235294 0.0235294
v 0.08255 -0.37296 0.175213 0.764706 0.0235294 0.0235294
v 0.08255 -0.339237 0.168942 0.764706 0.0235294 0.0235294
v 0.08255 -0.144931 0.170214 0.764706 0.0235294 0.0235294
v 0.08255 -0.178248 0.160769 0.764706 0.0235294 0.0235294
v 0.08255 -0.378867 0.0938203 0.764706 0.0235294 0.0235294
v 0.08255 -0.345271 0.102294 0.764706 0.0235294 0.0235294
v 0.08255 -0.14729 0.178403 0.764706 0.0235294 0.0235294
v 0.08255 -0.180076 0.167085 0.764706 0.0235294 0.0235294
v 0.08255 -0.247487 0.253845 0.764706 0.0235294 0.0235294
v 0.08255 -0.252363 0.224347 0.764706 0.0235294 0.0235294
v 0.08255 -0.246119 0.223748 0.764706 0.0235294 0.0235294
v 0.08255 -0.34172 0.225454 0.764706 0.0235294 0.0235294
v 0.08255 -0.320729 0.199745 0.764706 0.0235294 0.0235294
v 0.08255 -0.316757 0.203612 0.764706 0.0235294 0.0235294
v 0.08255 -0.28212 -0.00557333 0.764706 0.0235294 0.0235294
v 0.08255 -0.276424 0.0243544 0.764706 0.0235294 0.0235294
v 0.08255 -0.28273 0.0254435 0.764706 0.0235294 0.0235294
v 0.08255 -0.273021 -0.00646104 0.764706 0.0235294 0.0235294
v 0.08255 -0.269276 0.0235685 0.764706 0.0235294 0.0235294
v 0.08255 -0.14318 0.0935292 0.764706 0.0235294 0.0235294
v 0.08255 -0.17614 0.10416 0.764706 0.0235294 0.0235294
v 0.08255 -0.17779 0.0952847 0.764706 0.0235294 0.0235294
v 0.08255 -0.14154 0.10394 0.764706 0.0235294 0.0235294
v 0.08255 -0.175009 0.113586 0.764706 0.0235294 0.0235294
v 0.08255 -0.228493 0.251253 0.764706 0.0235294 0.0235294
v 0.08255 -0.237418 0.252774 0.764706 0.0235294 0.0235294
v 0.08255 -0.240394 0.222832 0.764706 0.0235294 0.0235294
v 0.08255 -0.336572 0.230027 0.764706 0.0235294 0.0235294
v 0.08255 -0.369676 0.183922 0.764706 0.0235294 0.0235294
v 0.08255 -0.377008 0.0840641 0.764706 0.0235294 0.0235294
v 0.08255 -0.344026 0.0943964 0.764706 0.0235294 0.0235294
v 0.08255 -0.290376 -0.00424011 0.764706 0.0235294 0.0235294
v 0.08255 -0.288353 0.0267785 0.764706 0.0235294 0.0235294
v 0.08255 -0.16817 0.036268 0.764706 0.0235294 0.0235294
v 0.08255 -0.163672 0.0425251 0.764706 0.0235294 0.0235294
v 0.08255 -0.193432 0.0560605 0.764706 0.0235294 0.0235294
v 0.08255 -0.189291 0.0634072 0.764706 0.0235294 0.0235294
v 0.08255 -0.145298 0.08402 0.764706 0.0235294 0.0235294
v 0.08255 -0.220494 0.249367 0.764706 0.0235294 0.0235294
v 0.08255 -0.235098 0.221635 0.764706 0.0235294 0.0235294
v 0.08255 -0.346769 0.22031 0.764706 0.0235294 0.0235294
v 0.08255 -0.323374 0.196871 0.764706 0.0235294 0.0235294
v 0.08255 -0.351732 0.214499 0.764706 0.0235294 0.0235294
v 0.08255 -0.326368 0.193224 0.764706 0.0235294 0.0235294
v 0.08255 -0.35614 0.208588 0.764706 0.0235294 0.0235294
v 0.08255 -0.329298 0.189146 0.764706 0.0235294 0.0235294
v 0.08255 -0.365948 0.19208 0.764706 0.0235294 0.0235294
v 0.08255 -0.337019 0.174723 0.764706 0.0235294 0.0235294
v 0.08255 -0.297943 -0.00252453 0.764706 0.0235294 0.0235294
v 0.08255 -0.293416 0.0283211 0.764706 0.0235294 0.0235294
v 0.08255 -0.172845 0.0305398 0.764706 0.0235294 0.0235294
v 0.08255 -0.196043 0.0520078 0.764706 0.0235294 0.0235294
v 0.08255 -0.159184 0.0496978 0.764706 0.0235294 0.0235294
v 0.08255 -0.179929 0.0868553 0.764706 0.0235294 0.0235294
v 0.08255 -0.258721 0.254341 0.764706 0.0235294 0.0235294
v 0.08255 -0.259652 0.224575 0.764706 0.0235294 0.0235294
v 0.08255 -0.361773 0.199793 0.764706 0.0235294 0.0235294
v 0.08255 -0.334619 0.179961 0.764706 0.0235294 0.0235294
v 0.08255 -0.305641 -0.000234592 0.764706 0.0235294 0.0235294
v 0.08255 -0.298015 0.0300471 0.764706 0.0235294 0.0235294
v 0.08255 -0.178082 0.0249234 0.764706 0.0235294 0.0235294
v 0.08255 -0.198677 0.0484423 0.764706 0.0235294 0.0235294
v 0.08255 -0.148134 0.0743521 0.764706 0.0235294 0.0235294
v 0.08255 -0.18255 0.0787831 0.764706 0.0235294 0.0235294
v 0.08255 -0.230155 0.220179 0.764706 0.0235294 0.0235294
v 0.08255 -0.225505 0.218475 0.764706 0.0235294 0.0235294
v 0.08255 -0.31271 0.207072 0.764706 0.0235294 0.0235294
v 0.08255 -0.357382 0.206778 0.764706 0.0235294 0.0235294
v 0.08255 -0.332046 0.184745 0.764706 0.0235294 0.0235294
v 0.08255 -0.26219 -0.006812 0.764706 0.0235294 0.0235294
v 0.08255 -0.26034 0.0231571 0.764706 0.0235294 0.0235294
v 0.08255 -0.183411 0.0199438 0.764706 0.0235294 0.0235294
v 0.08255 -0.201425 0.0451871 0.764706 0.0235294 0.0235294
v 0.08255 -0.151415 0.0654966 0.764706 0.0235294 0.0235294
v 0.08255 -0.185661 0.0709902 0.764706 0.0235294 0.0235294
v 0.08255 -0.213252 0.247171 0.764706 0.0235294 0.0235294
v 0.08255 -0.221095 0.216525 0.764706 0.0235294 0.0235294
v 0.08255 -0.204301 0.0421996 0.764706 0.0235294 0.0235294
v 0.08255 -0.207325 0.0394464 0.764706 0.0235294 0.0235294
v 0.08255 -0.150009 0.185981 0.764706 0.0235294 0.0235294
v 0.08255 -0.182395 0.173481 0.764706 0.0235294 0.0235294
v 0.08255 -0.168598 0.217263 0.764706 0.0235294 0.0235294
v 0.08255 -0.172967 0.222082 0.764706 0.0235294 0.0235294
v 0.08255 -0.197898 0.198792 0.764706 0.0235294 0.0235294
v 0.08255 -0.177573 0.226535 0.764706 0.0235294 0.0235294
v 0.08255 -0.201283 0.202403 0.764706 0.0235294 0.0235294
v 0.08255 -0.205938 0.244412 0.764706 0.0235294 0.0235294
v 0.08255 -0.216881 0.214318 0.764706 0.0235294 0.0235294
v 0.08255 -0.26877 0.254205 0.764706 0.0235294 0.0235294
v 0.08255 -0.278032 0.253514 0.764706 0.0235294 0.0235294
v 0.08255 -0.273083 0.223698 0.764706 0.0235294 0.0235294
v 0.08255 -0.286445 0.252353 0.764706 0.0235294 0.0235294
v 0.08255 -0.279271 0.222648 0.764706 0.0235294 0.0235294
v 0.08255 -0.331289 0.234113 0.764706 0.0235294 0.0235294
v 0.08255 -0.308562 0.210174 0.764706 0.0235294 0.0235294
v 0.08255 -0.31927 0.00539785 0.764706 0.0235294 0.0235294
v 0.08255 -0.312716 0.00241559 0.764706 0.0235294 0.0235294
v 0.08255 -0.302229 0.0319431 0.764706 0.0235294 0.0235294
v 0.08255 -0.25152 -0.0064663 0.764706 0.0235294 0.0235294
v 0.08255 -0.242416 -0.00558432 0.764706 0.0235294 0.0235294
v 0.08255 -0.246113 0.023783 0.764706 0.0235294 0.0235294
v 0.08255 -0.234096 -0.00424602 0.764706 0.0235294 0.0235294
v 0.08255 -0.240331 0.0246031 0.764706 0.0235294 0.0235294
v 0.08255 -0.188853 0.0155134 0.764706 0.0235294 0.0235294
v 0.08255 -0.210523 0.0369017 0.764706 0.0235294 0.0235294
v 0.08255 -0.164636 0.21229 0.764706 0.0235294 0.0235294
v 0.08255 -0.194265 0.194374 0.764706 0.0235294 0.0235294
v 0.08255 -0.182452 0.230663 0.764706 0.0235294 0.0235294
v 0.08255 -0.199306 0.241368 0.764706 0.0235294 0.0235294
v 0.08255 -0.212824 0.211837 0.764706 0.0235294 0.0235294
v 0.08255 -0.267036 0.224315 0.764706 0.0235294 0.0235294
v 0.08255 -0.325835 0.237775 0.764706 0.0235294 0.0235294
v 0.08255 -0.30428 0.212956 0.764706 0.0235294 0.0235294
v 0.08255 -0.356624 0.0371328 0.764706 0.0235294 0.0235294
v 0.08255 -0.327751 0.0543674 0.764706 0.0235294 0.0235294
v 0.08255 -0.331312 0.0599868 0.764706 0.0235294 0.0235294
v 0.08255 -0.351933 0.030883 0.764706 0.0235294 0.0235294
v 0.08255 -0.324756 0.0502143 0.764706 0.0235294 0.0235294
v 0.08255 -0.325401 0.00870724 0.764706 0.0235294 0.0235294
v 0.08255 -0.306119 0.0340041 0.764706 0.0235294 0.0235294
v 0.08255 -0.226424 -0.00250629 0.764706 0.0235294 0.0235294
v 0.08255 -0.235147 0.0256741 0.764706 0.0235294 0.0235294
v 0.08255 -0.155101 0.0573212 0.764706 0.0235294 0.0235294
v 0.08255 -0.190914 0.189693 0.764706 0.0235294 0.0235294
v 0.08255 -0.160255 0.205993 0.764706 0.0235294 0.0235294
v 0.08255 -0.20505 0.205925 0.764706 0.0235294 0.0235294
v 0.08255 -0.374684 0.0750394 0.764706 0.0235294 0.0235294
v 0.08255 -0.342203 0.0863481 0.764706 0.0235294 0.0235294
v 0.08255 -0.347045 0.0255893 0.764706 0.0235294 0.0235294
v 0.08255 -0.322216 0.0471244 0.764706 0.0235294 0.0235294
v 0.08255 -0.331187 0.012353 0.764706 0.0235294 0.0235294
v 0.08255 -0.309737 0.036233 0.764706 0.0235294 0.0235294
v 0.08255 -0.219287 -0.000399518 0.764706 0.0235294 0.0235294
v 0.08255 -0.23045 0.0269566 0.764706 0.0235294 0.0235294
v 0.08255 -0.194446 0.0115563 0.764706 0.0235294 0.0235294
v 0.08255 -0.213928 0.0345467 0.764706 0.0235294 0.0235294
v 0.08255 -0.187824 0.184698 0.764706 0.0235294 0.0235294
v 0.08255 -0.193246 0.238063 0.764706 0.0235294 0.0235294
v 0.08255 -0.20889 0.209053 0.764706 0.0235294 0.0235294
v 0.08255 -0.320163 0.241057 0.764706 0.0235294 0.0235294
v 0.08255 -0.299828 0.215445 0.764706 0.0235294 0.0235294
v 0.08255 -0.341963 0.0207534 0.764706 0.0235294 0.0235294
v 0.08255 -0.31934 0.044058 0.764706 0.0235294 0.0235294
v 0.08255 -0.336691 0.016357 0.764706 0.0235294 0.0235294
v 0.08255 -0.313125 0.0386393 0.764706 0.0235294 0.0235294
v 0.08255 -0.252618 0.0232729 0.764706 0.0235294 0.0235294
v 0.08255 -0.212592 0.00205663 0.764706 0.0235294 0.0235294
v 0.08255 -0.206263 0.00485893 0.764706 0.0235294 0.0235294
v 0.08255 -0.221536 0.0303655 0.764706 0.0235294 0.0235294
v 0.08255 -0.200233 0.00801761 0.764706 0.0235294 0.0235294
v 0.08255 -0.217583 0.0323692 0.764706 0.0235294 0.0235294
v 0.08255 -0.156484 0.199698 0.764706 0.0235294 0.0235294
v 0.08255 -0.184985 0.179323 0.764706 0.0235294 0.0235294
v 0.08255 -0.187655 0.234498 0.764706 0.0235294 0.0235294
v 0.08255 -0.314224 0.243989 0.764706 0.0235294 0.0235294
v 0.08255 -0.295162 0.217657 0.764706 0.0235294 0.0235294
v 0.08255 -0.36113 0.0440256 0.764706 0.0235294 0.0235294
v 0.08255 -0.334533 0.065914 0.764706 0.0235294 0.0235294
v 0.08255 -0.316317 0.0412396 0.764706 0.0235294 0.0235294
v 0.08255 -0.225698 0.0285995 0.764706 0.0235294 0.0235294
v 0.08255 -0.301298 0.248857 0.764706 0.0235294 0.0235294
v 0.08255 -0.307959 0.246588 0.764706 0.0235294 0.0235294
v 0.08255 -0.153073 0.193051 0.764706 0.0235294 0.0235294
v 0.08255 -0.29416 0.250787 0.764706 0.0235294 0.0235294
v 0.08255 -0.290227 0.2196 0.764706 0.0235294 0.0235294
v 0.08255 -0.365162 0.0511943 0.764706 0.0235294 0.0235294
v 0.08255 -0.337426 0.0722202 0.764706 0.0235294 0.0235294
v 0.08255 -0.284958 0.22127 0.764706 0.0235294 0.0235294
v 0.08255 -0.371929 0.0666199 0.764706 0.0235294 0.0235294
v 0.08255 -0.368756 0.0587008 0.764706 0.0235294 0.0235294
v 0.08255 -0.339988 0.0789941 0.764706 0.0235294 0.0235294
vn 1 0 0
vt -0.568181 0.0109207
vt -0.533792 0.00289362
vt -0.533151 0.013854
vt -0.56854 -0.00258875
vt -0.53388 -0.00319735
vt -0.568441 -0.00759322
vt -0.567707 -0.0193122
vt -0.533584 -0.012811
vt -0.327567 0.0045436
vt -0.327935 0.0168022
vt -0.362194 0.0137852
vt -0.567161 0.0218309
vt -0.532026 0.023284
vt -0.327962 -0.00832241
vt -0.361946 -9.15155e-05
vt -0.361896 0.00403876
vt -0.565588 0.0318337
vt -0.530533 0.0314972
vt -0.328939 0.0277013
vt -0.362999 0.022386
vt -0.56328 0.0420462
vt -0.528753 0.0387309
vt -0.330464 0.0375158
vt -0.364207 0.030065
vt -0.56046 0.0514391
vt -0.526737 0.0451674
vt -0.332431 0.0464398
vt -0.365748 0.036995
vt -0.566367 -0.0299541
vt -0.532771 -0.0214807
vt -0.33479 0.0546282
vt -0.367576 0.0433108
vt -0.434987 0.130071
vt -0.439863 0.100572
vt -0.433619 0.0999736
vt -0.52922 0.101679
vt -0.508229 0.0759708
vt -0.504257 0.0798376
vt -0.46962 -0.129348
vt -0.463924 -0.09942
vt -0.47023 -0.0983309
vt -0.460521 -0.130235
vt -0.456776 -0.100206
vt -0.33068 -0.0302452
vt -0.36364 -0.0196141
vt -0.36529 -0.0284897
vt -0.32904 -0.0198346
vt -0.362509 -0.0101889
vt -0.415993 0.127479
vt -0.424918 0.128999
vt -0.427894 0.0990577
vt -0.524072 0.106252
vt -0.557176 0.0601478
vt -0.564508 -0.0397103
vt -0.531526 -0.029378
vt -0.477876 -0.128015
vt -0.475853 -0.0969959
vt -0.35567 -0.0875064
vt -0.351172 -0.0812493
vt -0.380932 -0.0677139
vt -0.376791 -0.0603672
vt -0.332798 -0.0397544
vt -0.407994 0.125593
vt -0.422598 0.0978606
vt -0.534269 0.0965354
vt -0.510874 0.073097
vt -0.539232 0.0907241
vt -0.513868 0.0694493
vt -0.54364 0.0848139
vt -0.516798 0.0653717
vt -0.553448 0.0683056
vt -0.524519 0.0509486
vt -0.485443 -0.126299
vt -0.480916 -0.0954533
vt -0.360345 -0.0932346
vt -0.383543 -0.0717667
vt -0.346684 -0.0740766
vt -0.367429 -0.0369191
vt -0.446221 0.130566
vt -0.447152 0.100801
vt -0.549273 0.0760188
vt -0.522119 0.0561865
vt -0.493141 -0.124009
vt -0.485515 -0.0937273
vt -0.365582 -0.098851
vt -0.386177 -0.0753321
vt -0.335634 -0.0494223
vt -0.37005 -0.0449913
vt -0.417655 0.0964048
vt -0.413005 0.094701
vt -0.50021 0.0832972
vt -0.544882 0.0830033
vt -0.519546 0.0609704
vt -0.44969 -0.130586
vt -0.44784 -0.100617
vt -0.370911 -0.103831
vt -0.388925 -0.0785874
vt -0.338915 -0.0582778
vt -0.373161 -0.0527842
vt -0.400752 0.123397
vt -0.408595 0.0927501
vt -0.391801 -0.0815748
vt -0.394825 -0.084328
vt -0.337509 0.0622062
vt -0.369895 0.0497068
vt -0.356098 0.0934882
vt -0.360467 0.0983077
vt -0.385398 0.0750176
vt -0.365073 0.10276
vt -0.388783 0.0786281
vt -0.393438 0.120638
vt -0.404381 0.0905433
vt -0.45627 0.13043
vt -0.465532 0.129739
vt -0.460583 0.0999231
vt -0.473945 0.128578
vt -0.466771 0.0988733
vt -0.518789 0.110338
vt -0.496062 0.0863993
vt -0.50677 -0.118377
vt -0.500216 -0.121359
vt -0.489729 -0.0918313
vt -0.43902 -0.130241
vt -0.429916 -0.129359
vt -0.433613 -0.0999914
vt -0.421596 -0.12802
vt -0.427831 -0.0991713
vt -0.376353 -0.108261
vt -0.398023 -0.0868727
vt -0.352136 0.088516
vt -0.381765 0.0705996
vt -0.369952 0.106888
vt -0.386806 0.117593
vt -0.400324 0.0880624
vt -0.454536 0.10054
vt -0.513335 0.114
vt -0.49178 0.0891814
vt -0.544124 -0.0866416
vt -0.515251 -0.069407
vt -0.518812 -0.0637876
vt -0.539433 -0.0928914
vt -0.512256 -0.0735601
vt -0.512901 -0.115067
vt -0.493619 -0.0897703
vt -0.413924 -0.126281
vt -0.422647 -0.0981003
vt -0.342601 -0.0664532
vt -0.378414 0.0659189
vt -0.347755 0.0822184
vt -0.39255 0.0821503
vt -0.562184 -0.048735
vt -0.529703 -0.0374263
vt -0.534545 -0.0981851
vt -0.509716 -0.07665
vt -0.518687 -0.111421
vt -0.497237 -0.0875414
vt -0.406787 -0.124174
vt -0.41795 -0.0968178
vt -0.381946 -0.112218
vt -0.401428 -0.0892277
vt -0.375324 0.060924
vt -0.380746 0.114288
vt -0.39639 0.0852785
vt -0.507663 0.117282
vt -0.487328 0.0916704
vt -0.529463 -0.103021
vt -0.50684 -0.0797164
vt -0.524191 -0.107417
vt -0.500625 -0.0851351
vt -0.440118 -0.100502
vt -0.400092 -0.121718
vt -0.393763 -0.118915
vt -0.409036 -0.0934089
vt -0.387733 -0.115757
vt -0.405083 -0.0914052
vt -0.343984 0.0759234
vt -0.372485 0.0555482
vt -0.375155 0.110724
vt -0.501724 0.120215
vt -0.482662 0.093883
vt -0.54863 -0.0797488
vt -0.522033 -0.0578604
vt -0.503817 -0.0825348
vt -0.413198 -0.0951749
vt -0.488798 0.125082
vt -0.495459 0.122813
vt -0.340573 0.0692764
vt -0.48166 0.127012
vt -0.477727 0.095826
vt -0.552662 -0.0725801
vt -0.524926 -0.0515542
vt -0.472458 0.0974952
vt -0.559429 -0.0571545
vt -0.556256 -0.0650736
vt -0.527488 -0.0447803
f 589/873/247 590/874/247 591/875/247
f 592/876/247 593/877/247 590/874/247
f 594/878/247 595/879/247 596/880/247
f 590/874/247 589/873/247 592/876/247
f 593/877/247 592/876/247 594/878/247
f 597/881/247 598/882/247 599/883/247
f 600/884/247 591/875/247 601/885/247
f 596/880/247 593/877/247 594/878/247
f 602/886/247 597/881/247 603/887/247
f 599/883/247 604/888/247 597/881/247
f 605/889/247 601/885/247 606/890/247
f 591/875/247 600/884/247 589/873/247
f 604/888/247 603/887/247 597/881/247
f 598/882/247 607/891/247 608/892/247
f 609/893/247 606/890/247 610/894/247
f 601/885/247 605/889/247 600/884/247
f 608/892/247 599/883/247 598/882/247
f 607/891/247 611/895/247 612/896/247
f 613/897/247 610/894/247 614/898/247
f 606/890/247 609/893/247 605/889/247
f 612/896/247 608/892/247 607/891/247
f 611/895/247 615/899/247 616/900/247
f 610/894/247 613/897/247 609/893/247
f 595/879/247 617/901/247 618/902/247
f 616/900/247 612/896/247 611/895/247
f 615/899/247 619/903/247 620/904/247
f 621/905/247 622/906/247 623/907/247
f 624/908/247 625/909/247 626/910/247
f 618/902/247 596/880/247 595/879/247
f 627/911/247 628/912/247 629/913/247
f 630/914/247 631/915/247 628/912/247
f 632/916/247 633/917/247 634/918/247
f 635/919/247 602/886/247 636/920/247
f 620/904/247 616/900/247 615/899/247
f 637/921/247 638/922/247 639/923/247
f 623/907/247 638/922/247 621/905/247
f 626/910/247 640/924/247 624/908/247
f 614/898/247 641/925/247 613/897/247
f 617/901/247 642/926/247 643/927/247
f 644/928/247 629/913/247 645/929/247
f 628/912/247 627/911/247 630/914/247
f 646/930/247 647/931/247 648/932/247
f 649/933/247 648/932/247 647/931/247
f 634/918/247 650/934/247 632/916/247
f 603/887/247 636/920/247 602/886/247
f 651/935/247 637/921/247 652/936/247
f 623/907/247 639/923/247 638/922/247
f 653/937/247 654/938/247 625/909/247
f 655/939/247 656/940/247 654/938/247
f 657/941/247 658/942/247 656/940/247
f 659/943/247 641/925/247 660/944/247
f 643/927/247 618/902/247 617/901/247
f 661/945/247 645/929/247 662/946/247
f 629/913/247 644/928/247 627/911/247
f 663/947/247 646/930/247 664/948/247
f 647/931/247 665/949/247 649/933/247
f 650/934/247 634/918/247 666/950/247
f 636/920/247 633/917/247 635/919/247
f 639/923/247 652/936/247 637/921/247
f 667/951/247 668/952/247 622/906/247
f 654/938/247 653/937/247 655/939/247
f 656/940/247 655/939/247 657/941/247
f 669/953/247 659/943/247 670/954/247
f 614/898/247 660/944/247 641/925/247
f 671/955/247 662/946/247 672/956/247
f 645/929/247 661/945/247 644/928/247
f 673/957/247 663/947/247 674/958/247
f 648/932/247 664/948/247 646/930/247
f 675/959/247 666/950/247 676/960/247
f 632/916/247 635/919/247 633/917/247
f 651/935/247 677/961/247 678/962/247
f 622/906/247 621/905/247 667/951/247
f 640/924/247 626/910/247 679/963/247
f 657/941/247 680/964/247 658/942/247
f 680/964/247 669/953/247 681/965/247
f 660/944/247 670/954/247 659/943/247
f 662/946/247 671/955/247 661/945/247
f 682/966/247 683/967/247 631/915/247
f 684/968/247 673/957/247 685/969/247
f 664/948/247 674/958/247 663/947/247
f 686/970/247 676/960/247 687/971/247
f 666/950/247 675/959/247 650/934/247
f 688/972/247 678/962/247 689/973/247
f 652/936/247 677/961/247 651/935/247
f 624/908/247 653/937/247 625/909/247
f 670/954/247 681/965/247 669/953/247
f 631/915/247 630/914/247 682/966/247
f 684/968/247 690/974/247 691/975/247
f 674/958/247 685/969/247 673/957/247
f 676/960/247 686/970/247 675/959/247
f 619/903/247 692/976/247 693/977/247
f 694/978/247 695/979/247 696/980/247
f 695/979/247 697/981/247 698/982/247
f 699/983/247 689/973/247 700/984/247
f 678/962/247 688/972/247 651/935/247
f 701/985/247 702/986/247 703/987/247
f 702/986/247 704/988/247 705/989/247
f 706/990/247 679/963/247 707/991/247
f 681/965/247 658/942/247 680/964/247
f 708/992/247 709/993/247 710/994/247
f 672/956/247 709/993/247 671/955/247
f 711/995/247 712/996/247 713/997/247
f 712/996/247 714/998/247 715/999/247
f 716/1000/247 691/975/247 717/1001/247
f 685/969/247 690/974/247 684/968/247
f 687/971/247 649/933/247 665/949/247
f 693/977/247 620/904/247 619/903/247
f 718/1002/247 694/978/247 719/1003/247
f 698/982/247 696/980/247 695/979/247
f 698/982/247 697/981/247 720/1004/247
f 721/1005/247 700/984/247 722/1006/247
f 689/973/247 699/983/247 688/972/247
f 701/985/247 723/1007/247 668/952/247
f 705/989/247 703/987/247 702/986/247
f 724/1008/247 707/991/247 725/1009/247
f 679/963/247 706/990/247 640/924/247
f 726/1010/247 727/1011/247 728/1012/247
f 729/1013/247 730/1014/247 727/1011/247
f 731/1015/247 708/992/247 732/1016/247
f 672/956/247 710/994/247 709/993/247
f 715/999/247 713/997/247 712/996/247
f 714/998/247 733/1017/247 734/1018/247
f 691/975/247 716/1000/247 684/968/247
f 687/971/247 735/1019/247 686/970/247
f 736/1020/247 737/1021/247 718/1002/247
f 720/1004/247 738/1022/247 698/982/247
f 700/984/247 721/1005/247 699/983/247
f 703/987/247 723/1007/247 701/985/247
f 707/991/247 724/1008/247 706/990/247
f 642/926/247 739/1023/247 740/1024/247
f 727/1011/247 726/1010/247 729/1013/247
f 741/1025/247 742/1026/247 730/1014/247
f 743/1027/247 731/1015/247 744/1028/247
f 710/994/247 732/1016/247 708/992/247
f 734/1018/247 715/999/247 714/998/247
f 733/1017/247 745/1029/247 746/1030/247
f 747/1031/247 717/1001/247 748/1032/247
f 665/949/247 735/1019/247 687/971/247
f 737/1021/247 736/1020/247 749/1033/247
f 696/980/247 719/1003/247 694/978/247
f 750/1034/247 722/1006/247 751/1035/247
f 668/952/247 667/951/247 701/985/247
f 752/1036/247 725/1009/247 753/1037/247
f 740/1024/247 643/927/247 642/926/247
f 730/1014/247 729/1013/247 741/1025/247
f 741/1025/247 754/1038/247 755/1039/247
f 756/1040/247 743/1027/247 757/1041/247
f 732/1016/247 744/1028/247 731/1015/247
f 711/995/247 758/1042/247 683/967/247
f 746/1030/247 734/1018/247 733/1017/247
f 759/1043/247 760/1044/247 761/1045/247
f 762/1046/247 748/1032/247 763/1047/247
f 717/1001/247 747/1031/247 716/1000/247
f 764/1048/247 749/1033/247 765/1049/247
f 719/1003/247 736/1020/247 718/1002/247
f 738/1022/247 720/1004/247 766/1050/247
f 722/1006/247 750/1034/247 721/1005/247
f 767/1051/247 753/1037/247 768/1052/247
f 725/1009/247 752/1036/247 724/1008/247
f 769/1053/247 728/1012/247 770/1054/247
f 755/1039/247 742/1026/247 741/1025/247
f 754/1038/247 756/1040/247 771/1055/247
f 744/1028/247 757/1041/247 743/1027/247
f 713/997/247 758/1042/247 711/995/247
f 745/1029/247 759/1043/247 772/1056/247
f 760/1044/247 763/1047/247 761/1045/247
f 748/1032/247 762/1046/247 747/1031/247
f 749/1033/247 764/1048/247 737/1021/247
f 751/1035/247 766/1050/247 750/1034/247
f 773/1057/247 774/1058/247 768/1052/247
f 753/1037/247 767/1051/247 752/1036/247
f 728/1012/247 769/1053/247 726/1010/247
f 757/1041/247 771/1055/247 756/1040/247
f 772/1056/247 746/1030/247 745/1029/247
f 763/1047/247 760/1044/247 762/1046/247
f 775/1059/247 765/1049/247 693/977/247
f 766/1050/247 751/1035/247 738/1022/247
f 776/1060/247 773/1057/247 777/1061/247
f 768/1052/247 774/1058/247 767/1051/247
f 778/1062/247 770/1054/247 779/1063/247
f 771/1055/247 755/1039/247 754/1038/247
f 761/1045/247 772/1056/247 759/1043/247
f 765/1049/247 775/1059/247 764/1048/247
f 704/988/247 776/1060/247 780/1064/247
f 768/1052/247 777/1061/247 773/1057/247
f 781/1065/247 782/1066/247 779/1063/247
f 770/1054/247 778/1062/247 769/1053/247
f 693/977/247 692/976/247 775/1059/247
f 777/1061/247 780/1064/247 776/1060/247
f 739/1023/247 781/1065/247 783/1067/247
f 779/1063/247 782/1066/247 778/1062/247
f 780/1064/247 705/989/247 704/988/247
f 779/1063/247 783/1067/247 781/1065/247
f 783/1067/247 740/1024/247 739/1023/247
f 683/967/247 682/966/247 711/995/247
v 0 -0.346084 0.110963 0.764706 0.0235294 0.0235294
v 0 -0.34638 0.120577 0.764706 0.0235294 0.0235294
v 0.08255 -0.34638 0.120577 0.764706 0.0235294 0.0235294
v 0.08255 -0.345271 0.102294 0.764706 0.0235294 0.0235294
v 0 -0.345271 0.102294 0.764706 0.0235294 0.0235294
v 0.08255 -0.344026 0.0943964 0.764706 0.0235294 0.0235294
v 0 -0.344026 0.0943964 0.764706 0.0235294 0.0235294
v 0.08255 -0.342203 0.0863481 0.764706 0.0235294 0.0235294
v 0 -0.342203 0.0863481 0.764706 0.0235294 0.0235294
v 0.08255 -0.339988 0.0789941 0.764706 0.0235294 0.0235294
v 0 -0.339988 0.0789941 0.764706 0.0235294 0.0235294
v 0 -0.337426 0.0722202 0.764706 0.0235294 0.0235294
v 0.08255 -0.334533 0.065914 0.764706 0.0235294 0.0235294
v 0 -0.334533 0.065914 0.764706 0.0235294 0.0235294
v 0.08255 -0.331312 0.0599868 0.764706 0.0235294 0.0235294
v 0 -0.331312 0.0599868 0.764706 0.0235294 0.0235294
v 0.08255 -0.327751 0.0543674 0.764706 0.0235294 0.0235294
v 0 -0.327751 0.0543674 0.764706 0.0235294 0.0235294
v 0.08255 -0.324756 0.0502143 0.764706 0.0235294 0.0235294
v 0 -0.324756 0.0502143 0.764706 0.0235294 0.0235294
v 0.08255 -0.322216 0.0471244 0.764706 0.0235294 0.0235294
v 0 -0.322216 0.0471244 0.764706 0.0235294 0.0235294
v 0.08255 -0.31934 0.044058 0.764706 0.0235294 0.0235294
v 0 -0.31934 0.044058 0.764706 0.0235294 0.0235294
v 0.08255 -0.316317 0.0412396 0.764706 0.0235294 0.0235294
v 0 -0.316317 0.0412396 0.764706 0.0235294 0.0235294
v 0 -0.313125 0.0386393 0.764706 0.0235294 0.0235294
v 0.08255 -0.309737 0.036233 0.764706 0.0235294 0.0235294
v 0 -0.309737 0.036233 0.764706 0.0235294 0.0235294
v 0 -0.306119 0.0340041 0.764706 0.0235294 0.0235294
v 0.08255 -0.302229 0.0319431 0.764706 0.0235294 0.0235294
v 0 -0.302229 0.0319431 0.764706 0.0235294 0.0235294
v 0 -0.298015 0.0300471 0.764706 0.0235294 0.0235294
v 0.08255 -0.293416 0.0283211 0.764706 0.0235294 0.0235294
v 0 -0.293416 0.0283211 0.764706 0.0235294 0.0235294
v 0.08255 -0.288353 0.0267785 0.764706 0.0235294 0.0235294
v 0 -0.288353 0.0267785 0.764706 0.0235294 0.0235294
v 0.08255 -0.28273 0.0254435 0.764706 0.0235294 0.0235294
v 0 -0.28273 0.0254435 0.764706 0.0235294 0.0235294
v 0.08255 -0.276424 0.0243544 0.764706 0.0235294 0.0235294
v 0 -0.276424 0.0243544 0.764706 0.0235294 0.0235294
v 0 -0.269276 0.0235685 0.764706 0.0235294 0.0235294
v 0.08255 -0.26034 0.0231571 0.764706 0.0235294 0.0235294
v 0 -0.26034 0.0231571 0.764706 0.0235294 0.0235294
v 0.08255 -0.252618 0.0232729 0.764706 0.0235294 0.0235294
v 0 -0.252618 0.0232729 0.764706 0.0235294 0.0235294
v 0.08255 -0.246113 0.023783 0.764706 0.0235294 0.0235294
v 0 -0.246113 0.023783 0.764706 0.0235294 0.0235294
v 0.08255 -0.240331 0.0246031 0.764706 0.0235294 0.0235294
v 0 -0.240331 0.0246031 0.764706 0.0235294 0.0235294
v 0.08255 -0.235147 0.0256741 0.764706 0.0235294 0.0235294
v 0 -0.235147 0.0256741 0.764706 0.0235294 0.0235294
v 0 -0.23045 0.0269566 0.764706 0.0235294 0.0235294
v 0.08255 -0.225698 0.0285995 0.764706 0.0235294 0.0235294
v 0 -0.225698 0.0285995 0.764706 0.0235294 0.0235294
v 0.08255 -0.221536 0.0303655 0.764706 0.0235294 0.0235294
v 0 -0.221536 0.0303655 0.764706 0.0235294 0.0235294
v 0.08255 -0.217583 0.0323692 0.764706 0.0235294 0.0235294
v 0 -0.217583 0.0323692 0.764706 0.0235294 0.0235294
v 0.08255 -0.213928 0.0345467 0.764706 0.0235294 0.0235294
v 0 -0.213928 0.0345467 0.764706 0.0235294 0.0235294
v 0.08255 -0.210523 0.0369017 0.764706 0.0235294 0.0235294
v 0 -0.210523 0.0369017 0.764706 0.0235294 0.0235294
v 0.08255 -0.207325 0.0394464 0.764706 0.0235294 0.0235294
v 0 -0.207325 0.0394464 0.764706 0.0235294 0.0235294
v 0.08255 -0.204301 0.0421996 0.764706 0.0235294 0.0235294
v 0 -0.204301 0.0421996 0.764706 0.0235294 0.0235294
v 0.08255 -0.201425 0.0451871 0.764706 0.0235294 0.0235294
v 0 -0.201425 0.0451871 0.764706 0.0235294 0.0235294
v 0.08255 -0.198677 0.0484423 0.764706 0.0235294 0.0235294
v 0 -0.198677 0.0484423 0.764706 0.0235294 0.0235294
v 0 -0.196043 0.0520078 0.764706 0.0235294 0.0235294
v 0.08255 -0.193432 0.0560605 0.764706 0.0235294 0.0235294
v 0 -0.193432 0.0560605 0.764706 0.0235294 0.0235294
v 0.08255 -0.189291 0.0634072 0.764706 0.0235294 0.0235294
v 0 -0.189291 0.0634072 0.764706 0.0235294 0.0235294
v 0.08255 -0.185661 0.0709902 0.764706 0.0235294 0.0235294
v 0 -0.185661 0.0709902 0.764706 0.0235294 0.0235294
v 0.08255 -0.18255 0.0787831 0.764706 0.0235294 0.0235294
v 0 -0.18255 0.0787831 0.764706 0.0235294 0.0235294
v 0 -0.179929 0.0868553 0.764706 0.0235294 0.0235294
v 0.08255 -0.17779 0.0952847 0.764706 0.0235294 0.0235294
v 0 -0.17779 0.0952847 0.764706 0.0235294 0.0235294
v 0 -0.17614 0.10416 0.764706 0.0235294 0.0235294
v 0.08255 -0.175009 0.113586 0.764706 0.0235294 0.0235294
v 0 -0.175009 0.113586 0.764706 0.0235294 0.0235294
v 0.08255 -0.174446 0.123683 0.764706 0.0235294 0.0235294
v 0 -0.174446 0.123683 0.764706 0.0235294 0.0235294
v 0 -0.174396 0.127813 0.764706 0.0235294 0.0235294
v 0.08255 -0.174396 0.127813 0.764706 0.0235294 0.0235294
v 0.08255 -0.17614 0.10416 0.764706 0.0235294 0.0235294
v 0.08255 -0.179929 0.0868553 0.764706 0.0235294 0.0235294
v 0.08255 -0.196043 0.0520078 0.764706 0.0235294 0.0235294
v 0.08255 -0.23045 0.0269566 0.764706 0.0235294 0.0235294
v 0.08255 -0.269276 0.0235685 0.764706 0.0235294 0.0235294
v 0.08255 -0.298015 0.0300471 0.764706 0.0235294 0.0235294
v 0.08255 -0.306119 0.0340041 0.764706 0.0235294 0.0235294
v 0.08255 -0.313125 0.0386393 0.764706 0.0235294 0.0235294
v 0.08255 -0.337426 0.0722202 0.764706 0.0235294 0.0235294
v 0.08255 -0.346084 0.110963 0.764706 0.0235294 0.0235294
v 0 -0.174694 0.13756 0.764706 0.0235294 0.0235294
v 0.08255 -0.175499 0.14616 0.764706 0.0235294 0.0235294
v 0 -0.175499 0.14616 0.764706 0.0235294 0.0235294
v 0.08255 -0.176707 0.153839 0.764706 0.0235294 0.0235294
v 0 -0.176707 0.153839 0.764706 0.0235294 0.0235294
v 0.08255 -0.178248 0.160769 0.764706 0.0235294 0.0235294
v 0 -0.178248 0.160769 0.764706 0.0235294 0.0235294
v 0 -0.180076 0.167085 0.764706 0.0235294 0.0235294
v 0.08255 -0.182395 0.173481 0.764706 0.0235294 0.0235294
v 0 -0.182395 0.173481 0.764706 0.0235294 0.0235294
v 0.08255 -0.184985 0.179323 0.764706 0.0235294 0.0235294
v 0 -0.184985 0.179323 0.764706 0.0235294 0.0235294
v 0.08255 -0.187824 0.184698 0.764706 0.0235294 0.0235294
v 0 -0.187824 0.184698 0.764706 0.0235294 0.0235294
v 0 -0.190914 0.189693 0.764706 0.0235294 0.0235294
v 0.08255 -0.194265 0.194374 0.764706 0.0235294 0.0235294
v 0 -0.194265 0.194374 0.764706 0.0235294 0.0235294
v 0.08255 -0.197898 0.198792 0.764706 0.0235294 0.0235294
v 0 -0.197898 0.198792 0.764706 0.0235294 0.0235294
v 0 -0.201283 0.202403 0.764706 0.0235294 0.0235294
v 0.08255 -0.20505 0.205925 0.764706 0.0235294 0.0235294
v 0 -0.20505 0.205925 0.764706 0.0235294 0.0235294
v 0.08255 -0.20889 0.209053 0.764706 0.0235294 0.0235294
v 0 -0.20889 0.209053 0.764706 0.0235294 0.0235294
v 0 -0.212824 0.211837 0.764706 0.0235294 0.0235294
v 0.08255 -0.216881 0.214318 0.764706 0.0235294 0.0235294
v 0 -0.216881 0.214318 0.764706 0.0235294 0.0235294
v 0 -0.221095 0.216525 0.764706 0.0235294 0.0235294
v 0.08255 -0.225505 0.218475 0.764706 0.0235294 0.0235294
v 0 -0.225505 0.218475 0.764706 0.0235294 0.0235294
v 0 -0.230155 0.220179 0.764706 0.0235294 0.0235294
v 0.08255 -0.235098 0.221635 0.764706 0.0235294 0.0235294
v 0 -0.235098 0.221635 0.764706 0.0235294 0.0235294
v 0.08255 -0.240394 0.222832 0.764706 0.0235294 0.0235294
v 0 -0.240394 0.222832 0.764706 0.0235294 0.0235294
v 0 -0.246119 0.223748 0.764706 0.0235294 0.0235294
v 0.08255 -0.252363 0.224347 0.764706 0.0235294 0.0235294
v 0 -0.252363 0.224347 0.764706 0.0235294 0.0235294
v 0.08255 -0.259652 0.224575 0.764706 0.0235294 0.0235294
v 0 -0.259652 0.224575 0.764706 0.0235294 0.0235294
v 0.08255 -0.267036 0.224315 0.764706 0.0235294 0.0235294
v 0 -0.267036 0.224315 0.764706 0.0235294 0.0235294
v 0.08255 -0.273083 0.223698 0.764706 0.0235294 0.0235294
v 0 -0.273083 0.223698 0.764706 0.0235294 0.0235294
v 0 -0.279271 0.222648 0.764706 0.0235294 0.0235294
v 0 -0.284958 0.22127 0.764706 0.0235294 0.0235294
v 0.08255 -0.279271 0.222648 0.764706 0.0235294 0.0235294
v 0.08255 -0.290227 0.2196 0.764706 0.0235294 0.0235294
v 0 -0.290227 0.2196 0.764706 0.0235294 0.0235294
v 0.08255 -0.295162 0.217657 0.764706 0.0235294 0.0235294
v 0 -0.295162 0.217657 0.764706 0.0235294 0.0235294
v 0.08255 -0.299828 0.215445 0.764706 0.0235294 0.0235294
v 0 -0.299828 0.215445 0.764706 0.0235294 0.0235294
v 0.08255 -0.30428 0.212956 0.764706 0.0235294 0.0235294
v 0 -0.30428 0.212956 0.764706 0.0235294 0.0235294
v 0.08255 -0.308562 0.210174 0.764706 0.0235294 0.0235294
v 0 -0.308562 0.210174 0.764706 0.0235294 0.0235294
v 0.08255 -0.31271 0.207072 0.764706 0.0235294 0.0235294
v 0 -0.31271 0.207072 0.764706 0.0235294 0.0235294
v 0.08255 -0.316757 0.203612 0.764706 0.0235294 0.0235294
v 0 -0.316757 0.203612 0.764706 0.0235294 0.0235294
v 0.08255 -0.320729 0.199745 0.764706 0.0235294 0.0235294
v 0 -0.320729 0.199745 0.764706 0.0235294 0.0235294
v 0.08255 -0.323374 0.196871 0.764706 0.0235294 0.0235294
v 0 -0.323374 0.196871 0.764706 0.0235294 0.0235294
v 0.08255 -0.326368 0.193224 0.764706 0.0235294 0.0235294
v 0 -0.326368 0.193224 0.764706 0.0235294 0.0235294
v 0 -0.329298 0.189146 0.764706 0.0235294 0.0235294
v 0 -0.332046 0.184745 0.764706 0.0235294 0.0235294
v 0.08255 -0.329298 0.189146 0.764706 0.0235294 0.0235294
v 0.08255 -0.334619 0.179961 0.764706 0.0235294 0.0235294
v 0 -0.334619 0.179961 0.764706 0.0235294 0.0235294
v 0.08255 -0.337019 0.174723 0.764706 0.0235294 0.0235294
v 0 -0.337019 0.174723 0.764706 0.0235294 0.0235294
v 0 -0.339237 0.168942 0.764706 0.0235294 0.0235294
v 0.08255 -0.341253 0.162505 0.764706 0.0235294 0.0235294
v 0 -0.341253 0.162505 0.764706 0.0235294 0.0235294
v 0.08255 -0.343033 0.155272 0.764706 0.0235294 0.0235294
v 0 -0.343033 0.155272 0.764706 0.0235294 0.0235294
v 0.08255 -0.344526 0.147058 0.764706 0.0235294 0.0235294
v 0 -0.344526 0.147058 0.764706 0.0235294 0.0235294
v 0 -0.345651 0.137628 0.764706 0.0235294 0.0235294
v 0.08255 -0.346292 0.126668 0.764706 0.0235294 0.0235294
v 0 -0.346292 0.126668 0.764706 0.0235294 0.0235294
v 0.08255 -0.345651 0.137628 0.764706 0.0235294 0.0235294
v 0.08255 -0.339237 0.168942 0.764706 0.0235294 0.0235294
v 0.08255 -0.332046 0.184745 0.764706 0.0235294 0.0235294
v 0.08255 -0.284958 0.22127 0.764706 0.0235294 0.0235294
v 0.08255 -0.246119 0.223748 0.764706 0.0235294 0.0235294
v 0.08255 -0.230155 0.220179 0.764706 0.0235294 0.0235294
v 0.08255 -0.221095 0.216525 0.764706 0.0235294 0.0235294
v 0.08255 -0.212824 0.211837 0.764706 0.0235294 0.0235294
v 0.08255 -0.201283 0.202403 0.764706 0.0235294 0.0235294
v 0.08255 -0.190914 0.189693 0.764706 0.0235294 0.0235294
v 0.08255 -0.180076 0.167085 0.764706 0.0235294 0.0235294
v 0.08255 -0.174694 0.13756 0.764706 0.0235294 0.0235294
v 0 -0.380941 0.116181 0.764706 0.0235294 0.0235294
v 0 -0.38104 0.121186 0.764706 0.0235294 0.0235294
v 0 -0.380681 0.134695 0.764706 0.0235294 0.0235294
v 0 -0.379661 0.145605 0.764706 0.0235294 0.0235294
v 0 -0.380207 0.104462 0.764706 0.0235294 0.0235294
v 0 -0.140067 0.128318 0.764706 0.0235294 0.0235294
v 0 -0.378088 0.155608 0.764706 0.0235294 0.0235294
v 0 -0.140462 0.115452 0.764706 0.0235294 0.0235294
v 0 -0.37578 0.165821 0.764706 0.0235294 0.0235294
v 0 -0.140435 0.140577 0.764706 0.0235294 0.0235294
v 0 -0.242416 -0.00558432 0.764706 0.0235294 0.0235294
v 0 -0.25152 -0.0064663 0.764706 0.0235294 0.0235294
v 0 -0.273021 -0.00646104 0.764706 0.0235294 0.0235294
v 0 -0.28212 -0.00557333 0.764706 0.0235294 0.0235294
v 0 -0.290376 -0.00424011 0.764706 0.0235294 0.0235294
v 0 -0.37296 0.175213 0.764706 0.0235294 0.0235294
v 0 -0.141439 0.151476 0.764706 0.0235294 0.0235294
v 0 -0.234096 -0.00424602 0.764706 0.0235294 0.0235294
v 0 -0.297943 -0.00252453 0.764706 0.0235294 0.0235294
v 0 -0.369676 0.183922 0.764706 0.0235294 0.0235294
v 0 -0.142964 0.16129 0.764706 0.0235294 0.0235294
v 0 -0.226424 -0.00250629 0.764706 0.0235294 0.0235294
v 0 -0.26219 -0.006812 0.764706 0.0235294 0.0235294
v 0 -0.305641 -0.000234592 0.764706 0.0235294 0.0235294
v 0 -0.144931 0.170214 0.764706 0.0235294 0.0235294
v 0 -0.312716 0.00241559 0.764706 0.0235294 0.0235294
v 0 -0.34172 0.225454 0.764706 0.0235294 0.0235294
v 0 -0.336572 0.230027 0.764706 0.0235294 0.0235294
v 0 -0.14154 0.10394 0.764706 0.0235294 0.0235294
v 0 -0.14318 0.0935292 0.764706 0.0235294 0.0235294
v 0 -0.145298 0.08402 0.764706 0.0235294 0.0235294
v 0 -0.378867 0.0938203 0.764706 0.0235294 0.0235294
v 0 -0.346769 0.22031 0.764706 0.0235294 0.0235294
v 0 -0.247487 0.253845 0.764706 0.0235294 0.0235294
v 0 -0.237418 0.252774 0.764706 0.0235294 0.0235294
v 0 -0.159184 0.0496978 0.764706 0.0235294 0.0235294
v 0 -0.163672 0.0425251 0.764706 0.0235294 0.0235294
v 0 -0.16817 0.036268 0.764706 0.0235294 0.0235294
v 0 -0.365948 0.19208 0.764706 0.0235294 0.0235294
v 0 -0.35614 0.208588 0.764706 0.0235294 0.0235294
v 0 -0.351732 0.214499 0.764706 0.0235294 0.0235294
v 0 -0.228493 0.251253 0.764706 0.0235294 0.0235294
v 0 -0.148134 0.0743521 0.764706 0.0235294 0.0235294
v 0 -0.172845 0.0305398 0.764706 0.0235294 0.0235294
v 0 -0.31927 0.00539785 0.764706 0.0235294 0.0235294
v 0 -0.361773 0.199793 0.764706 0.0235294 0.0235294
v 0 -0.357382 0.206778 0.764706 0.0235294 0.0235294
v 0 -0.220494 0.249367 0.764706 0.0235294 0.0235294
v 0 -0.151415 0.0654966 0.764706 0.0235294 0.0235294
v 0 -0.178082 0.0249234 0.764706 0.0235294 0.0235294
v 0 -0.325401 0.00870724 0.764706 0.0235294 0.0235294
v 0 -0.331289 0.234113 0.764706 0.0235294 0.0235294
v 0 -0.258721 0.254341 0.764706 0.0235294 0.0235294
v 0 -0.155101 0.0573212 0.764706 0.0235294 0.0235294
v 0 -0.183411 0.0199438 0.764706 0.0235294 0.0235294
v 0 -0.331187 0.012353 0.764706 0.0235294 0.0235294
v 0 -0.351933 0.030883 0.764706 0.0235294 0.0235294
v 0 -0.356624 0.0371328 0.764706 0.0235294 0.0235294
v 0 -0.36113 0.0440256 0.764706 0.0235294 0.0235294
v 0 -0.213252 0.247171 0.764706 0.0235294 0.0235294
v 0 -0.14729 0.178403 0.764706 0.0235294 0.0235294
v 0 -0.188853 0.0155134 0.764706 0.0235294 0.0235294
v 0 -0.336691 0.016357 0.764706 0.0235294 0.0235294
v 0 -0.347045 0.0255893 0.764706 0.0235294 0.0235294
v 0 -0.325835 0.237775 0.764706 0.0235294 0.0235294
v 0 -0.205938 0.244412 0.764706 0.0235294 0.0235294
v 0 -0.172967 0.222082 0.764706 0.0235294 0.0235294
v 0 -0.168598 0.217263 0.764706 0.0235294 0.0235294
v 0 -0.194446 0.0115563 0.764706 0.0235294 0.0235294
v 0 -0.219287 -0.000399518 0.764706 0.0235294 0.0235294
v 0 -0.320163 0.241057 0.764706 0.0235294 0.0235294
v 0 -0.199306 0.241368 0.764706 0.0235294 0.0235294
v 0 -0.182452 0.230663 0.764706 0.0235294 0.0235294
v 0 -0.164636 0.21229 0.764706 0.0235294 0.0235294
v 0 -0.341963 0.0207534 0.764706 0.0235294 0.0235294
v 0 -0.365162 0.0511943 0.764706 0.0235294 0.0235294
v 0 -0.377008 0.0840641 0.764706 0.0235294 0.0235294
v 0 -0.193246 0.238063 0.764706 0.0235294 0.0235294
v 0 -0.177573 0.226535 0.764706 0.0235294 0.0235294
v 0 -0.200233 0.00801761 0.764706 0.0235294 0.0235294
v 0 -0.314224 0.243989 0.764706 0.0235294 0.0235294
v 0 -0.187655 0.234498 0.764706 0.0235294 0.0235294
v 0 -0.160255 0.205993 0.764706 0.0235294 0.0235294
v 0 -0.156484 0.199698 0.764706 0.0235294 0.0235294
v 0 -0.206263 0.00485893 0.764706 0.0235294 0.0235294
v 0 -0.212592 0.00205663 0.764706 0.0235294 0.0235294
v 0 -0.368756 0.0587008 0.764706 0.0235294 0.0235294
v 0 -0.307959 0.246588 0.764706 0.0235294 0.0235294
v 0 -0.153073 0.193051 0.764706 0.0235294 0.0235294
v 0 -0.371929 0.0666199 0.764706 0.0235294 0.0235294
v 0 -0.301298 0.248857 0.764706 0.0235294 0.0235294
v 0 -0.29416 0.250787 0.764706 0.0235294 0.0235294
v 0 -0.278032 0.253514 0.764706 0.0235294 0.0235294
v 0 -0.26877 0.254205 0.764706 0.0235294 0.0235294
v 0 -0.150009 0.185981 0.764706 0.0235294 0.0235294
v 0 -0.374684 0.0750394 0.764706 0.0235294 0.0235294
v 0 -0.286445 0.252353 0.764706 0.0235294 0.0235294
v 0.08255 -0.172845 0.0305398 0.764706 0.0235294 0.0235294
v 0.08255 -0.178082 0.0249234 0.764706 0.0235294 0.0235294
v 0.08255 -0.183411 0.0199438 0.764706 0.0235294 0.0235294
v 0.08255 -0.188853 0.0155134 0.764706 0.0235294 0.0235294
v 0.08255 -0.200233 0.00801761 0.764706 0.0235294 0.0235294
v 0.08255 -0.212592 0.00205663 0.764706 0.0235294 0.0235294
v 0.08255 -0.219287 -0.000399518 0.764706 0.0235294 0.0235294
v 0.08255 -0.226424 -0.00250629 0.764706 0.0235294 0.0235294
v 0.08255 -0.242416 -0.00558432 0.764706 0.0235294 0.0235294
v 0.08255 -0.25152 -0.0064663 0.764706 0.0235294 0.0235294
v 0.08255 -0.273021 -0.00646104 0.764706 0.0235294 0.0235294
v 0.08255 -0.28212 -0.00557333 0.764706 0.0235294 0.0235294
v 0.08255 -0.290376 -0.00424011 0.764706 0.0235294 0.0235294
v 0.08255 -0.297943 -0.00252453 0.764706 0.0235294 0.0235294
v 0.08255 -0.305641 -0.000234592 0.764706 0.0235294 0.0235294
v 0.08255 -0.31927 0.00539785 0.764706 0.0235294 0.0235294
v 0.08255 -0.325401 0.00870724 0.764706 0.0235294 0.0235294
v 0.08255 -0.336691 0.016357 0.764706 0.0235294 0.0235294
v 0.08255 -0.341963 0.0207534 0.764706 0.0235294 0.0235294
v 0.08255 -0.347045 0.0255893 0.764706 0.0235294 0.0235294
v 0.08255 -0.351933 0.030883 0.764706 0.0235294 0.0235294
v 0.08255 -0.331187 0.012353 0.764706 0.0235294 0.0235294
v 0.08255 -0.312716 0.00241559 0.764706 0.0235294 0.0235294
v 0.08255 -0.26219 -0.006812 0.764706 0.0235294 0.0235294
v 0.08255 -0.234096 -0.00424602 0.764706 0.0235294 0.0235294
v 0.08255 -0.206263 0.00485893 0.764706 0.0235294 0.0235294
v 0.08255 -0.194446 0.0115563 0.764706 0.0235294 0.0235294
v 0.08255 -0.16817 0.036268 0.764706 0.0235294 0.0235294
v 0.08255 -0.356624 0.0371328 0.764706 0.0235294 0.0235294
v 0.08255 -0.36113 0.0440256 0.764706 0.0235294 0.0235294
v 0.08255 -0.365162 0.0511943 0.764706 0.0235294 0.0235294
v 0.08255 -0.368756 0.0587008 0.764706 0.0235294 0.0235294
v 0.08255 -0.371929 0.0666199 0.764706 0.0235294 0.0235294
v 0.08255 -0.377008 0.0840641 0.764706 0.0235294 0.0235294
v 0.08255 -0.378867 0.0938203 0.764706 0.0235294 0.0235294
v 0.08255 -0.380207 0.104462 0.764706 0.0235294 0.0235294
v 0.08255 -0.380941 0.116181 0.764706 0.0235294 0.0235294
v 0.08255 -0.38104 0.121186 0.764706 0.0235294 0.0235294
v 0.08255 -0.380681 0.134695 0.764706 0.0235294 0.0235294
v 0.08255 -0.379661 0.145605 0.764706 0.0235294 0.0235294
v 0.08255 -0.378088 0.155608 0.764706 0.0235294 0.0235294
v 0.08255 -0.37296 0.175213 0.764706 0.0235294 0.0235294
v 0.08255 -0.369676 0.183922 0.764706 0.0235294 0.0235294
v 0.08255 -0.365948 0.19208 0.764706 0.0235294 0.0235294
v 0.08255 -0.361773 0.199793 0.764706 0.0235294 0.0235294
v 0.08255 -0.357382 0.206778 0.764706 0.0235294 0.0235294
v 0.08255 -0.35614 0.208588 0.764706 0.0235294 0.0235294
v 0.08255 -0.37578 0.165821 0.764706 0.0235294 0.0235294
v 0.08255 -0.374684 0.0750394 0.764706 0.0235294 0.0235294
v 0.08255 -0.346769 0.22031 0.764706 0.0235294 0.0235294
v 0.08255 -0.34172 0.225454 0.764706 0.0235294 0.0235294
v 0.08255 -0.331289 0.234113 0.764706 0.0235294 0.0235294
v 0.08255 -0.325835 0.237775 0.764706 0.0235294 0.0235294
v 0.08255 -0.314224 0.243989 0.764706 0.0235294 0.0235294
v 0.08255 -0.301298 0.248857 0.764706 0.0235294 0.0235294
v 0.08255 -0.286445 0.252353 0.764706 0.0235294 0.0235294
v 0.08255 -0.278032 0.253514 0.764706 0.0235294 0.0235294
v 0.08255 -0.258721 0.254341 0.764706 0.0235294 0.0235294
v 0.08255 -0.247487 0.253845 0.764706 0.0235294 0.0235294
v 0.08255 -0.237418 0.252774 0.764706 0.0235294 0.0235294
v 0.08255 -0.228493 0.251253 0.764706 0.0235294 0.0235294
v 0.08255 -0.213252 0.247171 0.764706 0.0235294 0.0235294
v 0.08255 -0.205938 0.244412 0.764706 0.0235294 0.0235294
v 0.08255 -0.199306 0.241368 0.764706 0.0235294 0.0235294
v 0.08255 -0.193246 0.238063 0.764706 0.0235294 0.0235294
v 0.08255 -0.187655 0.234498 0.764706 0.0235294 0.0235294
v 0.08255 -0.182452 0.230663 0.764706 0.0235294 0.0235294
v 0.08255 -0.172967 0.222082 0.764706 0.0235294 0.0235294
v 0.08255 -0.168598 0.217263 0.764706 0.0235294 0.0235294
v 0.08255 -0.164636 0.21229 0.764706 0.0235294 0.0235294
v 0.08255 -0.177573 0.226535 0.764706 0.0235294 0.0235294
v 0.08255 -0.220494 0.249367 0.764706 0.0235294 0.0235294
v 0.08255 -0.26877 0.254205 0.764706 0.0235294 0.0235294
v 0.08255 -0.29416 0.250787 0.764706 0.0235294 0.0235294
v 0.08255 -0.307959 0.246588 0.764706 0.0235294 0.0235294
v 0.08255 -0.320163 0.241057 0.764706 0.0235294 0.0235294
v 0.08255 -0.336572 0.230027 0.764706 0.0235294 0.0235294
v 0.08255 -0.351732 0.214499 0.764706 0.0235294 0.0235294
v 0.08255 -0.160255 0.205993 0.764706 0.0235294 0.0235294
v 0.08255 -0.156484 0.199698 0.764706 0.0235294 0.0235294
v 0.08255 -0.153073 0.193051 0.764706 0.0235294 0.0235294
v 0.08255 -0.150009 0.185981 0.764706 0.0235294 0.0235294
v 0.08255 -0.14729 0.178403 0.764706 0.0235294 0.0235294
v 0.08255 -0.144931 0.170214 0.764706 0.0235294 0.0235294
v 0.08255 -0.142964 0.16129 0.764706 0.0235294 0.0235294
v 0.08255 -0.141439 0.151476 0.764706 0.0235294 0.0235294
v 0.08255 -0.140067 0.128318 0.764706 0.0235294 0.0235294
v 0.08255 -0.140435 0.140577 0.764706 0.0235294 0.0235294
v 0.08255 -0.140462 0.115452 0.764706 0.0235294 0.0235294
v 0.08255 -0.14318 0.0935292 0.764706 0.0235294 0.0235294
v 0.08255 -0.148134 0.0743521 0.764706 0.0235294 0.0235294
v 0.08255 -0.151415 0.0654966 0.764706 0.0235294 0.0235294
v 0.08255 -0.155101 0.0573212 0.764706 0.0235294 0.0235294
v 0.08255 -0.159184 0.0496978 0.764706 0.0235294 0.0235294
v 0.08255 -0.163672 0.0425251 0.764706 0.0235294 0.0235294
v 0.08255 -0.145298 0.08402 0.764706 0.0235294 0.0235294
v 0.08255 -0.14154 0.10394 0.764706 0.0235294 0.0235294
vn 0 0.998038 0.0626052
vn 0 1 0
vn 0 0.992149 0.125061
vn 0 0.982344 0.187083
vn 0 0.966868 0.255278
vn 0 0.946839 0.321709
vn 0 0.922536 0.38591
vn 0 0.894196 0.447676
vn 0 0.862055 0.506814
vn 0 0.826357 0.563147
vn 0 0.791937 0.610603
vn 0 0.752041 0.659116
vn 0 0.705918 0.708293
vn 0 0.657009 0.753883
vn 0 0.605639 0.795739
vn 0 0.552093 0.833783
vn 0 0.496655 0.867948
vn 0 0.439614 0.898187
vn 0 0.381253 0.924471
vn 0 0.321859 0.946788
vn 0 0.261714 0.965145
vn 0 0.201099 0.979571
vn 0 0.14029 0.990111
vn 0 0.0795594 0.99683
vn 0 0.0141483 0.9999
vn 0 -0.0476608 0.998864
vn 0 -0.109899 0.993943
vn 0 -0.171944 0.985107
vn 0 -0.233381 0.972385
vn 0 -0.293955 0.955819
vn 0 -0.35996 0.932968
vn 0 -0.421421 0.906865
vn 0 -0.482556 0.875865
vn 0 -0.54089 0.841093
vn 0 -0.596211 0.802828
vn 0 -0.648366 0.761328
vn 0 -0.697218 0.716859
vn 0 -0.742643 0.669688
vn 0 -0.784534 0.620086
vn 0 -0.822802 0.568328
vn 0 -0.854394 0.519625
vn 0 -0.887063 0.461648
vn 0 -0.91589 0.401428
vn 0 -0.940435 0.339974
vn 0 -0.960701 0.277586
vn 0 -0.976712 0.214554
vn 0 -0.988508 0.151166
vn 0 -0.996147 0.0877027
vn 0 -0.999701 0.0244396
vn 0 -1 0
vn 0 -0.988508 0.151166
vn 0 -0.960701 0.277586
vn 0 -0.822802 0.568328
vn 0 -0.293955 0.955819
vn 0 0.0795594 0.99683
vn 0 0.381253 0.924471
vn 0 0.496655 0.867948
vn 0 0.605639 0.795739
vn 0 0.922536 0.38591
vn 0 0.998038 0.0626052
vn -0 -0.998045 -0.0624992
vn 0 -1 0
vn -0 -0.992175 -0.124854
vn -0 -0.982399 -0.186795
vn -0 -0.968744 -0.248063
vn -0 -0.951255 -0.308404
vn -0 -0.927533 -0.373741
vn -0 -0.899569 -0.436778
vn -0 -0.867679 -0.497125
vn -0 -0.832116 -0.554602
vn -0 -0.793135 -0.609046
vn -0 -0.750472 -0.660902
vn -0 -0.707465 -0.706749
vn -0 -0.657436 -0.75351
vn -0 -0.604766 -0.796403
vn -0 -0.549845 -0.835266
vn -0 -0.492971 -0.870046
vn -0 -0.434438 -0.900702
vn -0 -0.374542 -0.92721
vn -0 -0.313573 -0.949564
vn -0 -0.25182 -0.967774
vn -0 -0.18957 -0.981867
vn -0 -0.127102 -0.99189
vn -0 -0.0646919 -0.997905
vn 0 0.000941918 -1
vn 0 0.0706652 -0.9975
vn 0 0.13313 -0.991099
vn 0 0.201991 -0.979387
vn 0 0.269341 -0.963045
vn 0 0.334708 -0.942322
vn 0 0.397872 -0.917441
vn 0 0.458629 -0.888628
vn 0 0.516787 -0.856114
vn 0 0.572167 -0.820137
vn 0 0.624603 -0.780942
vn 0 0.673948 -0.738779
vn 0 0.720067 -0.693905
vn 0 0.752494 -0.658599
vn 0 0.792516 -0.609851
vn 0 0.830593 -0.55688
vn 0 0.864847 -0.502035
vn 0 0.895238 -0.445588
vn 0 0.921734 -0.387824
vn 0 0.944321 -0.329024
vn 0 0.963008 -0.269472
vn 0 0.97782 -0.209447
vn 0 0.988803 -0.149224
vn 0 0.996025 -0.0890785
vn 0 0.999571 -0.0292775
vn 0 1 0
vn 0 0.996025 -0.0890785
vn 0 0.944321 -0.329024
vn 0 0.864847 -0.502035
vn 0 0.269341 -0.963045
vn -0 -0.127102 -0.99189
vn -0 -0.313573 -0.949564
vn -0 -0.434438 -0.900702
vn -0 -0.549845 -0.835266
vn -0 -0.707465 -0.706749
vn -0 -0.832116 -0.554602
vn -0 -0.951255 -0.308404
vn -0 -0.998045 -0.0624992
vn -1 -0 -0
vn 0 0.754265 -0.65657
vn 0 0.794006 -0.607911
vn 0 0.707197 -0.707016
vn 0 0.657179 -0.753734
vn 0 0.60462 -0.796514
vn 0 0.549817 -0.835285
vn 0 0.493066 -0.869992
vn 0 0.434662 -0.900593
vn 0 0.374898 -0.927066
vn 0 0.314065 -0.949401
vn 0 0.252451 -0.96761
vn 0 0.190341 -0.981718
vn 0 0.128015 -0.991772
vn 0 0.0657485 -0.997836
vn 0 0.000283482 -1
vn -0 -0.0663568 -0.997796
vn -0 -0.128767 -0.991675
vn -0 -0.190738 -0.981641
vn -0 -0.252008 -0.967725
vn -0 -0.318553 -0.947905
vn -0 -0.383055 -0.923725
vn -0 -0.445111 -0.895475
vn -0 -0.504526 -0.863396
vn -0 -0.561123 -0.827733
vn -0 -0.614735 -0.788733
vn -0 -0.665213 -0.746654
vn -0 -0.71242 -0.701753
vn -0 -0.755912 -0.654674
vn -0 -0.561123 -0.827733
vn -0 -0.383055 -0.923725
vn 0 0.000283482 -1
vn 0 0.190341 -0.981718
vn 0 0.434662 -0.900593
vn 0 0.549817 -0.835285
vn 0 0.794006 -0.607911
vn -0 -0.818313 -0.574773
vn -0 -0.780516 -0.625136
vn -0 -0.854821 -0.518924
vn -0 -0.887262 -0.461266
vn -0 -0.915588 -0.402118
vn -0 -0.939784 -0.34177
vn -0 -0.95985 -0.280513
vn -0 -0.975807 -0.218632
vn -0 -0.987692 -0.156411
vn -0 -0.99556 -0.0941249
vn -0 -0.999486 -0.0320468
vn -0 -0.999972 -0.00750847
vn 0 -0.998065 0.0621834
vn 0 -0.9922 0.124653
vn 0 -0.982417 0.186702
vn 0 -0.967043 0.254614
vn 0 -0.947156 0.320774
vn 0 -0.923024 0.384742
vn 0 -0.894878 0.44631
vn 0 -0.862953 0.505285
vn 0 -0.82939 0.558669
vn 0 -0.819958 0.572424
vn 0 -0.967043 0.254614
vn -0 -0.95985 -0.280513
vn -0 -0.780516 -0.625136
vn 0 -0.782235 0.622984
vn 0 -0.819798 0.572653
vn 0 -0.737198 0.675677
vn 0 -0.689016 0.724746
vn 0 -0.638111 0.769944
vn 0 -0.584781 0.811191
vn 0 -0.52932 0.848422
vn 0 -0.472023 0.881586
vn 0 -0.413183 0.910648
vn 0 -0.353093 0.935588
vn 0 -0.292041 0.956406
vn 0 -0.230315 0.973116
vn 0 -0.168197 0.985753
vn 0 -0.105966 0.99437
vn 0 -0.0438933 0.999036
vn 0 0.0142027 0.999899
vn 0 0.0752791 0.997163
vn 0 0.137519 0.990499
vn 0 0.1993 0.979939
vn 0 0.260365 0.96551
vn 0 0.320459 0.947262
vn 0 0.385746 0.922605
vn 0 0.448667 0.893699
vn 0 0.508811 0.860878
vn 0 0.566003 0.824403
vn 0 0.620088 0.784532
vn 0 0.67092 0.74153
vn 0 0.718368 0.695664
vn 0 0.762317 0.647204
vn 0 0.800768 0.598975
vn 0 0.67092 0.74153
vn 0 0.260365 0.96551
vn 0 -0.0438933 0.999036
vn 0 -0.230315 0.973116
vn 0 -0.353093 0.935588
vn 0 -0.472023 0.881586
vn 0 -0.638111 0.769944
vn 0 -0.782235 0.622984
vn 0 0.840363 0.542024
vn 0 0.800492 0.599343
vn 0 0.87423 0.485513
vn 0 0.904058 0.427409
vn 0 0.929825 0.368003
vn 0 0.951521 0.307583
vn 0 0.969159 0.246435
vn 0 0.982769 0.184841
vn 0 0.992397 0.123078
vn 0 0.998112 0.06142
vn 0 1 0
vn 0 0.800492 0.599343
vn 0 0.998041 -0.0625684
vn 0 1 0
vn 0 0.992158 -0.12499
vn 0 0.982363 -0.186984
vn 0 0.968685 -0.248295
vn 0 0.949067 -0.315073
vn 0 0.925061 -0.37982
vn 0 0.896959 -0.442114
vn 0 0.865005 -0.501764
vn 0 0.829444 -0.55859
vn 0 0.793841 -0.608126
vn 0 0.968685 -0.248295
vn 0 0.992158 -0.12499
vn 0 1 0
vt 0.578904 1
vt 0.565613 1
vt 0.565613 0
vt 0.591349 0
vt 0.591349 1
vt 0.60311 0
vt 0.60311 1
vt 0.615561 0
vt 0.615561 1
vt 0.627399 0
vt 0.627399 1
vt 0.638742 1
vt 0.649728 0
vt 0.649728 1
vt 0.660476 0
vt 0.660476 1
vt 0.671093 0
vt 0.671093 1
vt 0.679251 0
vt 0.679251 1
vt 0.685671 0
vt 0.685671 1
vt 0.692465 0
vt 0.692465 1
vt 0.699165 0
vt 0.699165 1
vt 0.705827 1
vt 0.712511 0
vt 0.712511 1
vt 0.719276 1
vt 0.726183 0
vt 0.726183 1
vt 0.733294 1
vt 0.740681 0
vt 0.740681 1
vt 0.74842 0
vt 0.74842 1
vt 0.756602 0
vt 0.756602 1
vt 0.765332 0
vt 0.765332 1
vt 0.774734 1
vt 0.785864 0
vt 0.785864 1
vt 0.795229 0
vt 0.795229 1
vt 0.803473 0
vt 0.803473 1
vt 0.811139 0
vt 0.811139 1
vt 0.818323 0
vt 0.818323 1
vt 0.825119 1
vt 0.832314 0
vt 0.832314 1
vt 0.838916 0
vt 0.838916 1
vt 0.845489 0
vt 0.845489 1
vt 0.851865 0
vt 0.851865 1
vt 0.858106 0
vt 0.858106 1
vt 0.864275 0
vt 0.864275 1
vt 0.870429 0
vt 0.870429 1
vt 0.876621 0
vt 0.876621 1
vt 0.882908 0
vt 0.882908 1
vt 0.889345 1
vt 0.89621 0
vt 0.89621 1
vt 0.908188 0
vt 0.908188 1
vt 0.920155 0
vt 0.920155 1
vt 0.932072 0
vt 0.932072 1
vt 0.944044 1
vt 0.956177 0
vt 0.956177 1
vt 0.968581 1
vt 0.98137 0
vt 0.98137 1
vt 0.994671 0
vt 0.994671 1
vt 1 1
vt 1 0
vt 0.968581 0
vt 0.944044 0
vt 0.889345 0
vt 0.825119 0
vt 0.774734 0
vt 0.733294 0
vt 0.719276 0
vt 0.705827 0
vt 0.638742 0
vt 0.578904 0
vt 0.0164153 1
vt 0 1
vt 0 0
vt 0.0315655 0
vt 0.0315655 1
vt 0.045693 0
vt 0.045693 1
vt 0.0589964 0
vt 0.0589964 1
vt 0.0716402 1
vt 0.0850194 0
vt 0.0850194 1
vt 0.0978166 0
vt 0.0978166 1
vt 0.110154 0
vt 0.110154 1
vt 0.122172 1
vt 0.133993 0
vt 0.133993 1
vt 0.145732 0
vt 0.145732 1
vt 0.156002 1
vt 0.166863 0
vt 0.166863 1
vt 0.177408 0
vt 0.177408 1
vt 0.187729 1
vt 0.197927 0
vt 0.197927 1
vt 0.208098 1
vt 0.218331 0
vt 0.218331 1
vt 0.228718 1
vt 0.239351 0
vt 0.239351 1
vt 0.250331 0
vt 0.250331 1
vt 0.261767 1
vt 0.273785 0
vt 0.273785 1
vt 0.287273 0
vt 0.287273 1
vt 0.300929 0
vt 0.300929 1
vt 0.312503 0
vt 0.312503 1
vt 0.324756 1
vt 0.33642 1
vt 0.324756 0
vt 0.347609 0
vt 0.347609 1
vt 0.358457 0
vt 0.358457 1
vt 0.369081 0
vt 0.369081 1
vt 0.379585 0
vt 0.379585 1
vt 0.390066 0
vt 0.390066 1
vt 0.400617 0
vt 0.400617 1
vt 0.411331 0
vt 0.411331 1
vt 0.422306 0
vt 0.422306 1
vt 0.42992 0
vt 0.42992 1
vt 0.439057 0
vt 0.439057 1
vt 0.448689 1
vt 0.458504 1
vt 0.448689 0
vt 0.468594 0
vt 0.468594 1
vt 0.479058 0
vt 0.479058 1
vt 0.490004 1
vt 0.501557 0
vt 0.501557 1
vt 0.513862 0
vt 0.513862 1
vt 0.527092 0
vt 0.527092 1
vt 0.54146 1
vt 0.557226 0
vt 0.557226 1
vt 0.565613 0
vt 0.565613 1
vt 0.54146 0
vt 0.490004 0
vt 0.458504 0
vt 0.33642 0
vt 0.261767 0
vt 0.228718 0
vt 0.208098 0
vt 0.187729 0
vt 0.156002 0
vt 0.122172 0
vt 0.0716402 0
vt 0.0164153 0
vt -0.568441 -0.00759322
vt -0.53388 -0.00319735
vt -0.533584 -0.012811
vt -0.56854 -0.00258875
vt -0.568181 0.0109207
vt -0.533792 0.00289362
vt -0.567161 0.0218309
vt -0.533151 0.013854
vt -0.567707 -0.0193122
vt -0.327567 0.0045436
vt -0.361896 0.00403876
vt -0.362194 0.0137852
vt -0.565588 0.0318337
vt -0.532026 0.023284
vt -0.361946 -9.15155e-05
vt -0.327962 -0.00832241
vt -0.362509 -0.0101889
vt -0.56328 0.0420462
vt -0.530533 0.0314972
vt -0.327935 0.0168022
vt -0.362999 0.022386
vt -0.429916 -0.129359
vt -0.433613 -0.0999914
vt -0.427831 -0.0991713
vt -0.43902 -0.130241
vt -0.440118 -0.100502
vt -0.460521 -0.130235
vt -0.46962 -0.129348
vt -0.463924 -0.09942
vt -0.477876 -0.128015
vt -0.47023 -0.0983309
vt -0.56046 0.0514391
vt -0.528753 0.0387309
vt -0.328939 0.0277013
vt -0.364207 0.030065
vt -0.421596 -0.12802
vt -0.422647 -0.0981003
vt -0.485443 -0.126299
vt -0.475853 -0.0969959
vt -0.557176 0.0601478
vt -0.526737 0.0451674
vt -0.330464 0.0375158
vt -0.365748 0.036995
vt -0.413924 -0.126281
vt -0.41795 -0.0968178
vt -0.44969 -0.130586
vt -0.44784 -0.100617
vt -0.456776 -0.100206
vt -0.493141 -0.124009
vt -0.480916 -0.0954533
vt -0.532771 -0.0214807
vt -0.332431 0.0464398
vt -0.367576 0.0433108
vt -0.500216 -0.121359
vt -0.485515 -0.0937273
vt -0.52922 0.101679
vt -0.524072 0.106252
vt -0.504257 0.0798376
vt -0.32904 -0.0198346
vt -0.36364 -0.0196141
vt -0.33068 -0.0302452
vt -0.332798 -0.0397544
vt -0.36529 -0.0284897
vt -0.566367 -0.0299541
vt -0.531526 -0.029378
vt -0.524519 0.0509486
vt -0.508229 0.0759708
vt -0.534269 0.0965354
vt -0.434987 0.130071
vt -0.424918 0.128999
vt -0.433619 0.0999736
vt -0.376791 -0.0603672
vt -0.346684 -0.0740766
vt -0.351172 -0.0812493
vt -0.35567 -0.0875064
vt -0.383543 -0.0717667
vt -0.380932 -0.0677139
vt -0.553448 0.0683056
vt -0.522119 0.0561865
vt -0.54364 0.0848139
vt -0.539232 0.0907241
vt -0.513868 0.0694493
vt -0.510874 0.073097
vt -0.427894 0.0990577
vt -0.415993 0.127479
vt -0.422598 0.0978606
vt -0.335634 -0.0494223
vt -0.367429 -0.0369191
vt -0.360345 -0.0932346
vt -0.386177 -0.0753321
vt -0.489729 -0.0918313
vt -0.50677 -0.118377
vt -0.493619 -0.0897703
vt -0.549273 0.0760188
vt -0.519546 0.0609704
vt -0.516798 0.0653717
vt -0.544882 0.0830033
vt -0.407994 0.125593
vt -0.417655 0.0964048
vt -0.338915 -0.0582778
vt -0.37005 -0.0449913
vt -0.365582 -0.098851
vt -0.388925 -0.0785874
vt -0.512901 -0.115067
vt -0.497237 -0.0875414
vt -0.518789 0.110338
vt -0.50021 0.0832972
vt -0.446221 0.130566
vt -0.439863 0.100572
vt -0.342601 -0.0664532
vt -0.373161 -0.0527842
vt -0.370911 -0.103831
vt -0.391801 -0.0815748
vt -0.518687 -0.111421
vt -0.500625 -0.0851351
vt -0.539433 -0.0928914
vt -0.544124 -0.0866416
vt -0.515251 -0.069407
vt -0.54863 -0.0797488
vt -0.518812 -0.0637876
vt -0.400752 0.123397
vt -0.413005 0.094701
vt -0.33479 0.0546282
vt -0.369895 0.0497068
vt -0.376353 -0.108261
vt -0.394825 -0.084328
vt -0.524191 -0.107417
vt -0.503817 -0.0825348
vt -0.534545 -0.0981851
vt -0.512256 -0.0735601
vt -0.513335 0.114
vt -0.496062 0.0863993
vt -0.393438 0.120638
vt -0.408595 0.0927501
vt -0.360467 0.0983077
vt -0.385398 0.0750176
vt -0.388783 0.0786281
vt -0.356098 0.0934882
vt -0.381765 0.0705996
vt -0.381946 -0.112218
vt -0.398023 -0.0868727
vt -0.406787 -0.124174
vt -0.413198 -0.0951749
vt -0.509716 -0.07665
vt -0.50684 -0.0797164
vt -0.507663 0.117282
vt -0.49178 0.0891814
vt -0.386806 0.117593
vt -0.404381 0.0905433
vt -0.39255 0.0821503
vt -0.369952 0.106888
vt -0.352136 0.088516
vt -0.378414 0.0659189
vt -0.529463 -0.103021
vt -0.552662 -0.0725801
vt -0.522033 -0.0578604
vt -0.564508 -0.0397103
vt -0.529703 -0.0374263
vt -0.380746 0.114288
vt -0.400324 0.0880624
vt -0.365073 0.10276
vt -0.387733 -0.115757
vt -0.401428 -0.0892277
vt -0.501724 0.120215
vt -0.487328 0.0916704
vt -0.375155 0.110724
vt -0.39639 0.0852785
vt -0.347755 0.0822184
vt -0.343984 0.0759234
vt -0.375324 0.060924
vt -0.393763 -0.118915
vt -0.405083 -0.0914052
vt -0.400092 -0.121718
vt -0.409036 -0.0934089
vt -0.556256 -0.0650736
vt -0.524926 -0.0515542
vt -0.495459 0.122813
vt -0.482662 0.093883
vt -0.340573 0.0692764
vt -0.372485 0.0555482
vt -0.559429 -0.0571545
vt -0.527488 -0.0447803
vt -0.488798 0.125082
vt -0.477727 0.095826
vt -0.48166 0.127012
vt -0.472458 0.0974952
vt -0.465532 0.129739
vt -0.460583 0.0999231
vt -0.466771 0.0988733
vt -0.45627 0.13043
vt -0.454536 0.10054
vt -0.337509 0.0622062
vt -0.562184 -0.048735
vt -0.473945 0.128578
vt -0.447152 0.100801
vt 0.125464 0
vt 0.125464 1
vt 0.11608 1
vt 0.135394 0
vt 0.135394 1
vt 0.144962 0
vt 0.144962 1
vt 0.154257 0
vt 0.154257 1
vt 0.163375 1
vt 0.172406 0
vt 0.172406 1
vt 0.181431 1
vt 0.190531 0
vt 0.190531 1
vt 0.199786 0
vt 0.199786 1
vt 0.209281 1
vt 0.219105 1
vt 0.209281 0
vt 0.22936 0
vt 0.22936 1
vt 0.240158 0
vt 0.240158 1
vt 0.252312 1
vt 0.264648 0
vt 0.264648 1
vt 0.275439 0
vt 0.275439 1
vt 0.285612 0
vt 0.285612 1
vt 0.295291 0
vt 0.295291 1
vt 0.305532 0
vt 0.305532 1
vt 0.315339 1
vt 0.324804 0
vt 0.324804 1
vt 0.334032 0
vt 0.334032 1
vt 0.343119 1
vt 0.35215 0
vt 0.35215 1
vt 0.361206 0
vt 0.361206 1
vt 0.370368 0
vt 0.370368 1
vt 0.379643 0
vt 0.379643 1
vt 0.343119 0
vt 0.315339 0
vt 0.252312 0
vt 0.219105 0
vt 0.181431 0
vt 0.163375 0
vt 0.11608 0
vt 0.389639 0
vt 0.389639 1
vt 0.379643 1
vt 0.400193 0
vt 0.400193 1
vt 0.410709 0
vt 0.410709 1
vt 0.421277 0
vt 0.421277 1
vt 0.431989 0
vt 0.431989 1
vt 0.442943 1
vt 0.45424 0
vt 0.45424 1
vt 0.465992 0
vt 0.465992 1
vt 0.478325 0
vt 0.478325 1
vt 0.491385 0
vt 0.491385 1
vt 0.49681 0
vt 0.49681 1
vt 0.511499 0
vt 0.511499 1
vt 0.523808 0
vt 0.523808 1
vt 0.535492 0
vt 0.535492 1
vt 0.547856 1
vt 0.559662 0
vt 0.559662 1
vt 0.571024 0
vt 0.571024 1
vt 0.582073 0
vt 0.582073 1
vt 0.592924 0
vt 0.592924 1
vt 0.603129 0
vt 0.603129 1
vt 0.605839 0
vt 0.605839 1
vt 0.547856 0
vt 0.442943 0
vt 0.379643 0
vt 0.615039 1
vt 0.605839 1
vt 0.605839 0
vt 0.624778 0
vt 0.624778 1
vt 0.634118 0
vt 0.634118 1
vt 0.643148 1
vt 0.651968 0
vt 0.651968 1
vt 0.660665 0
vt 0.660665 1
vt 0.66932 1
vt 0.678013 0
vt 0.678013 1
vt 0.686818 1
vt 0.695816 0
vt 0.695816 1
vt 0.70509 1
vt 0.71473 0
vt 0.71473 1
vt 0.724841 0
vt 0.724841 1
vt 0.735539 1
vt 0.746727 0
vt 0.746727 1
vt 0.759526 0
vt 0.759526 1
vt 0.771557 0
vt 0.771557 1
vt 0.782727 0
vt 0.782727 1
vt 0.793204 1
vt 0.803123 0
vt 0.803123 1
vt 0.813622 0
vt 0.813622 1
vt 0.823625 0
vt 0.823625 1
vt 0.833229 0
vt 0.833229 1
vt 0.842548 0
vt 0.842548 1
vt 0.851682 0
vt 0.851682 1
vt 0.86072 1
vt 0.869744 0
vt 0.869744 1
vt 0.878835 0
vt 0.878835 1
vt 0.887614 1
vt 0.887614 0
vt 0.86072 0
vt 0.793204 0
vt 0.735539 0
vt 0.70509 0
vt 0.686818 0
vt 0.66932 0
vt 0.643148 0
vt 0.615039 0
vt 0.898124 0
vt 0.898124 1
vt 0.887614 1
vt 0.908131 0
vt 0.908131 1
vt 0.91823 0
vt 0.91823 1
vt 0.928509 0
vt 0.928509 1
vt 0.939062 0
vt 0.939062 1
vt 0.949991 0
vt 0.949991 1
vt 0.961406 0
vt 0.961406 1
vt 0.973437 0
vt 0.973437 1
vt 0.986232 1
vt 1 0
vt 1 1
vt 0.986232 0
vt 0.887614 0
vt 0.0137631 0
vt 0.0137631 1
vt 0 1
vt 0.0265833 1
vt 0.0386398 0
vt 0.0386398 1
vt 0.0500842 1
vt 0.0621955 0
vt 0.0621955 1
vt 0.0737648 0
vt 0.0737648 1
vt 0.0849039 0
vt 0.0849039 1
vt 0.0957405 0
vt 0.0957405 1
vt 0.106387 0
vt 0.106387 1
vt 0.11608 0
vt 0.11608 1
vt 0.0500842 0
vt 0.0265833 0
vt 0 0
f 784/1068/248 785/1069/249 786/1070/249
f 787/1071/250 788/1072/250 784/1068/248
f 789/1073/251 790/1074/251 788/1072/250
f 791/1075/252 792/1076/252 790/1074/251
f 793/1077/253 794/1078/253 792/1076/252
f 795/1079/254 794/1078/253 793/1077/253
f 796/1080/255 797/1081/255 795/1079/254
f 798/1082/256 799/1083/256 797/1081/255
f 800/1084/257 801/1085/257 799/1083/256
f 802/1086/258 803/1087/258 801/1085/257
f 804/1088/259 805/1089/259 803/1087/258
f 806/1090/260 807/1091/260 805/1089/259
f 808/1092/261 809/1093/261 807/1091/260
f 810/1094/262 809/1093/261 808/1092/261
f 811/1095/263 812/1096/263 810/1094/262
f 813/1097/264 812/1096/263 811/1095/263
f 814/1098/265 815/1099/265 813/1097/264
f 816/1100/266 815/1099/265 814/1098/265
f 817/1101/267 818/1102/267 816/1100/266
f 819/1103/268 820/1104/268 818/1102/267
f 821/1105/269 822/1106/269 820/1104/268
f 823/1107/270 824/1108/270 822/1106/269
f 825/1109/271 824/1108/270 823/1107/270
f 826/1110/272 827/1111/272 825/1109/271
f 828/1112/273 829/1113/273 827/1111/272
f 830/1114/274 831/1115/274 829/1113/273
f 832/1116/275 833/1117/275 831/1115/274
f 834/1118/276 835/1119/276 833/1117/275
f 836/1120/277 835/1119/276 834/1118/276
f 837/1121/278 838/1122/278 836/1120/277
f 839/1123/279 840/1124/279 838/1122/278
f 841/1125/280 842/1126/280 840/1124/279
f 843/1127/281 844/1128/281 842/1126/280
f 845/1129/282 846/1130/282 844/1128/281
f 847/1131/283 848/1132/283 846/1130/282
f 849/1133/284 850/1134/284 848/1132/283
f 851/1135/285 852/1136/285 850/1134/284
f 853/1137/286 854/1138/286 852/1136/285
f 855/1139/287 854/1138/286 853/1137/286
f 856/1140/288 857/1141/288 855/1139/287
f 858/1142/289 859/1143/289 857/1141/288
f 860/1144/290 861/1145/290 859/1143/289
f 862/1146/291 863/1147/291 861/1145/290
f 864/1148/292 863/1147/291 862/1146/291
f 865/1149/293 866/1150/293 864/1148/292
f 867/1151/294 866/1150/293 865/1149/293
f 868/1152/295 869/1153/295 867/1151/294
f 870/1154/296 871/1155/296 869/1153/295
f 872/1156/297 871/1155/296 870/1154/296
f 870/1154/296 873/1157/297 872/1156/297
f 869/1153/295 868/1152/295 870/1154/296
f 867/1151/294 874/1158/298 868/1152/295
f 865/1149/293 874/1158/298 867/1151/294
f 864/1148/292 875/1159/299 865/1149/293
f 862/1146/291 875/1159/299 864/1148/292
f 861/1145/290 860/1144/290 862/1146/291
f 859/1143/289 858/1142/289 860/1144/290
f 857/1141/288 856/1140/288 858/1142/289
f 855/1139/287 876/1160/300 856/1140/288
f 853/1137/286 876/1160/300 855/1139/287
f 852/1136/285 851/1135/285 853/1137/286
f 850/1134/284 849/1133/284 851/1135/285
f 848/1132/283 847/1131/283 849/1133/284
f 846/1130/282 845/1129/282 847/1131/283
f 844/1128/281 843/1127/281 845/1129/282
f 842/1126/280 841/1125/280 843/1127/281
f 840/1124/279 839/1123/279 841/1125/280
f 838/1122/278 837/1121/278 839/1123/279
f 836/1120/277 877/1161/301 837/1121/278
f 834/1118/276 877/1161/301 836/1120/277
f 833/1117/275 832/1116/275 834/1118/276
f 831/1115/274 830/1114/274 832/1116/275
f 829/1113/273 828/1112/273 830/1114/274
f 827/1111/272 826/1110/272 828/1112/273
f 825/1109/271 878/1162/302 826/1110/272
f 823/1107/270 878/1162/302 825/1109/271
f 822/1106/269 821/1105/269 823/1107/270
f 820/1104/268 819/1103/268 821/1105/269
f 818/1102/267 817/1101/267 819/1103/268
f 816/1100/266 879/1163/303 817/1101/267
f 814/1098/265 879/1163/303 816/1100/266
f 813/1097/264 880/1164/304 814/1098/265
f 811/1095/263 880/1164/304 813/1097/264
f 810/1094/262 881/1165/305 811/1095/263
f 808/1092/261 881/1165/305 810/1094/262
f 807/1091/260 806/1090/260 808/1092/261
f 805/1089/259 804/1088/259 806/1090/260
f 803/1087/258 802/1086/258 804/1088/259
f 801/1085/257 800/1084/257 802/1086/258
f 799/1083/256 798/1082/256 800/1084/257
f 797/1081/255 796/1080/255 798/1082/256
f 795/1079/254 882/1166/306 796/1080/255
f 793/1077/253 882/1166/306 795/1079/254
f 792/1076/252 791/1075/252 793/1077/253
f 790/1074/251 789/1073/251 791/1075/252
f 788/1072/250 787/1071/250 789/1073/251
f 784/1068/248 883/1167/307 787/1071/250
f 786/1070/249 883/1167/307 784/1068/248
f 884/1168/308 872/1169/309 873/1170/309
f 885/1171/310 886/1172/310 884/1168/308
f 887/1173/311 888/1174/311 886/1172/310
f 889/1175/312 890/1176/312 888/1174/311
f 891/1177/313 890/1176/312 889/1175/312
f 892/1178/314 893/1179/314 891/1177/313
f 894/1180/315 895/1181/315 893/1179/314
f 896/1182/316 897/1183/316 895/1181/315
f 898/1184/317 897/1183/316 896/1182/316
f 899/1185/318 900/1186/318 898/1184/317
f 901/1187/319 902/1188/319 900/1186/318
f 903/1189/320 902/1188/319 901/1187/319
f 904/1190/321 905/1191/321 903/1189/320
f 906/1192/322 907/1193/322 905/1191/321
f 908/1194/323 907/1193/322 906/1192/322
f 909/1195/324 910/1196/324 908/1194/323
f 911/1197/325 910/1196/324 909/1195/324
f 912/1198/326 913/1199/326 911/1197/325
f 914/1200/327 913/1199/326 912/1198/326
f 915/1201/328 916/1202/328 914/1200/327
f 917/1203/329 918/1204/329 916/1202/328
f 919/1205/330 918/1204/329 917/1203/329
f 920/1206/331 921/1207/331 919/1205/330
f 922/1208/332 923/1209/332 921/1207/331
f 924/1210/333 925/1211/333 923/1209/332
f 926/1212/334 927/1213/334 925/1211/333
f 928/1214/335 927/1213/334 926/1212/334
f 929/1215/336 928/1214/335 930/1216/335
f 931/1217/337 932/1218/337 929/1215/336
f 933/1219/338 934/1220/338 932/1218/337
f 935/1221/339 936/1222/339 934/1220/338
f 937/1223/340 938/1224/340 936/1222/339
f 939/1225/341 940/1226/341 938/1224/340
f 941/1227/342 942/1228/342 940/1226/341
f 943/1229/343 944/1230/343 942/1228/342
f 945/1231/344 946/1232/344 944/1230/343
f 947/1233/345 948/1234/345 946/1232/344
f 949/1235/346 950/1236/346 948/1234/345
f 951/1237/347 950/1236/346 949/1235/346
f 952/1238/348 951/1237/347 953/1239/347
f 954/1240/349 955/1241/349 952/1238/348
f 956/1242/350 957/1243/350 955/1241/349
f 958/1244/351 957/1243/350 956/1242/350
f 959/1245/352 960/1246/352 958/1244/351
f 961/1247/353 962/1248/353 960/1246/352
f 963/1249/354 964/1250/354 962/1248/353
f 965/1251/355 964/1250/354 963/1249/354
f 966/1252/356 967/1253/356 965/1251/355
f 786/1254/357 785/1255/357 967/1253/356
f 967/1253/356 966/1252/356 786/1254/357
f 965/1251/355 968/1256/358 966/1252/356
f 963/1249/354 968/1256/358 965/1251/355
f 962/1248/353 961/1247/353 963/1249/354
f 960/1246/352 959/1245/352 961/1247/353
f 958/1244/351 969/1257/359 959/1245/352
f 956/1242/350 969/1257/359 958/1244/351
f 955/1241/349 954/1240/349 956/1242/350
f 952/1238/348 970/1258/360 954/1240/349
f 953/1239/347 970/1258/360 952/1238/348
f 949/1235/346 953/1239/347 951/1237/347
f 948/1234/345 947/1233/345 949/1235/346
f 946/1232/344 945/1231/344 947/1233/345
f 944/1230/343 943/1229/343 945/1231/344
f 942/1228/342 941/1227/342 943/1229/343
f 940/1226/341 939/1225/341 941/1227/342
f 938/1224/340 937/1223/340 939/1225/341
f 936/1222/339 935/1221/339 937/1223/340
f 934/1220/338 933/1219/338 935/1221/339
f 932/1218/337 931/1217/337 933/1219/338
f 929/1215/336 971/1259/361 931/1217/337
f 930/1216/335 971/1259/361 929/1215/336
f 926/1212/334 930/1216/335 928/1214/335
f 925/1211/333 924/1210/333 926/1212/334
f 923/1209/332 922/1208/332 924/1210/333
f 921/1207/331 920/1206/331 922/1208/332
f 919/1205/330 972/1260/362 920/1206/331
f 917/1203/329 972/1260/362 919/1205/330
f 916/1202/328 915/1201/328 917/1203/329
f 914/1200/327 973/1261/363 915/1201/328
f 912/1198/326 973/1261/363 914/1200/327
f 911/1197/325 974/1262/364 912/1198/326
f 909/1195/324 974/1262/364 911/1197/325
f 908/1194/323 975/1263/365 909/1195/324
f 906/1192/322 975/1263/365 908/1194/323
f 905/1191/321 904/1190/321 906/1192/322
f 903/1189/320 976/1264/366 904/1190/321
f 901/1187/319 976/1264/366 903/1189/320
f 900/1186/318 899/1185/318 901/1187/319
f 898/1184/317 977/1265/367 899/1185/318
f 896/1182/316 977/1265/367 898/1184/317
f 895/1181/315 894/1180/315 896/1182/316
f 893/1179/314 892/1178/314 894/1180/315
f 891/1177/313 978/1266/368 892/1178/314
f 889/1175/312 978/1266/368 891/1177/313
f 888/1174/311 887/1173/311 889/1175/312
f 886/1172/310 885/1171/310 887/1173/311
f 884/1168/308 979/1267/369 885/1171/310
f 873/1170/309 979/1267/369 884/1168/308
f 980/1268/370 785/1269/370 784/1270/370
f 981/1271/370 982/1272/370 967/1273/370
f 982/1272/370 983/1274/370 965/1275/370
f 784/1270/370 984/1276/370 980/1268/370
f 965/1275/370 967/1273/370 982/1272/370
f 985/1277/370 872/1278/370 884/1279/370
f 967/1273/370 785/1269/370 981/1271/370
f 983/1274/370 986/1280/370 964/1281/370
f 985/1277/370 871/1282/370 872/1278/370
f 987/1283/370 869/1284/370 871/1282/370
f 964/1281/370 965/1275/370 983/1274/370
f 986/1280/370 988/1285/370 962/1286/370
f 989/1287/370 884/1279/370 886/1288/370
f 871/1282/370 985/1277/370 987/1283/370
f 990/1289/370 831/1290/370 833/1291/370
f 991/1292/370 829/1293/370 831/1290/370
f 992/1294/370 993/1295/370 824/1296/370
f 993/1295/370 994/1297/370 822/1298/370
f 962/1286/370 964/1281/370 986/1280/370
f 988/1285/370 995/1299/370 960/1300/370
f 996/1301/370 886/1288/370 888/1302/370
f 884/1279/370 989/1287/370 985/1277/370
f 997/1303/370 833/1291/370 835/1304/370
f 831/1290/370 990/1289/370 991/1292/370
f 822/1298/370 824/1296/370 993/1295/370
f 994/1297/370 998/1305/370 820/1306/370
f 960/1300/370 962/1286/370 988/1285/370
f 995/1299/370 999/1307/370 958/1308/370
f 1000/1309/370 888/1302/370 890/1310/370
f 886/1288/370 996/1301/370 989/1287/370
f 1001/1311/370 835/1304/370 836/1312/370
f 833/1291/370 997/1303/370 990/1289/370
f 991/1292/370 1002/1313/370 827/1314/370
f 1002/1313/370 992/1294/370 825/1315/370
f 820/1306/370 822/1298/370 994/1297/370
f 998/1305/370 1003/1316/370 818/1317/370
f 984/1276/370 784/1270/370 788/1318/370
f 958/1308/370 960/1300/370 995/1299/370
f 1004/1319/370 890/1310/370 891/1320/370
f 888/1302/370 1000/1309/370 996/1301/370
f 835/1304/370 1001/1311/370 997/1303/370
f 825/1315/370 827/1314/370 1002/1313/370
f 818/1317/370 820/1306/370 998/1305/370
f 1003/1316/370 1005/1321/370 816/1322/370
f 980/1268/370 981/1271/370 785/1269/370
f 1006/1323/370 1007/1324/370 944/1325/370
f 890/1310/370 1004/1319/370 1000/1309/370
f 1008/1326/370 867/1327/370 869/1284/370
f 1009/1328/370 1010/1329/370 866/1330/370
f 827/1314/370 829/1293/370 991/1292/370
f 816/1322/370 818/1317/370 1003/1316/370
f 1011/1331/370 788/1318/370 790/1332/370
f 999/1307/370 957/1333/370 958/1308/370
f 946/1334/370 1012/1335/370 1006/1323/370
f 1013/1336/370 1014/1337/370 919/1338/370
f 869/1284/370 987/1283/370 1008/1326/370
f 867/1327/370 1008/1326/370 1009/1328/370
f 859/1339/370 1015/1340/370 1016/1341/370
f 1017/1342/370 855/1343/370 857/1344/370
f 824/1296/370 825/1315/370 992/1294/370
f 788/1318/370 1011/1331/370 984/1276/370
f 1018/1345/370 955/1346/370 957/1333/370
f 1019/1347/370 1020/1348/370 950/1349/370
f 1020/1348/370 1012/1335/370 948/1350/370
f 944/1325/370 946/1334/370 1006/1323/370
f 1014/1337/370 918/1351/370 919/1338/370
f 1021/1352/370 916/1353/370 918/1351/370
f 866/1330/370 867/1327/370 1009/1328/370
f 1010/1329/370 1022/1354/370 864/1355/370
f 857/1344/370 1016/1341/370 1017/1342/370
f 1023/1356/370 854/1357/370 855/1343/370
f 1005/1321/370 815/1358/370 816/1322/370
f 1024/1359/370 813/1360/370 815/1358/370
f 957/1333/370 999/1307/370 1018/1345/370
f 1025/1361/370 952/1362/370 955/1346/370
f 951/1363/370 1026/1364/370 1019/1347/370
f 946/1334/370 948/1350/370 1012/1335/370
f 918/1351/370 1014/1337/370 1021/1352/370
f 1027/1365/370 914/1366/370 916/1353/370
f 864/1355/370 866/1330/370 1010/1329/370
f 1022/1354/370 1028/1367/370 863/1368/370
f 855/1343/370 1017/1342/370 1023/1356/370
f 1029/1369/370 852/1370/370 854/1357/370
f 815/1358/370 1005/1321/370 1024/1359/370
f 1030/1371/370 812/1372/370 813/1360/370
f 955/1346/370 1018/1345/370 1025/1361/370
f 1026/1364/370 951/1363/370 952/1362/370
f 948/1350/370 950/1349/370 1020/1348/370
f 1007/1324/370 1031/1373/370 942/1374/370
f 1032/1375/370 1013/1336/370 921/1376/370
f 916/1353/370 1021/1352/370 1027/1365/370
f 863/1368/370 864/1355/370 1022/1354/370
f 1028/1367/370 1033/1377/370 861/1378/370
f 854/1357/370 1023/1356/370 1029/1369/370
f 1034/1379/370 850/1380/370 852/1370/370
f 813/1360/370 1024/1359/370 1030/1371/370
f 1035/1381/370 810/1382/370 812/1372/370
f 1036/1383/370 1037/1384/370 801/1385/370
f 1037/1384/370 1038/1386/370 799/1387/370
f 952/1362/370 1025/1361/370 1026/1364/370
f 942/1374/370 944/1325/370 1007/1324/370
f 919/1338/370 921/1376/370 1013/1336/370
f 1027/1365/370 1039/1388/370 913/1389/370
f 1040/1390/370 891/1320/370 893/1391/370
f 861/1378/370 863/1368/370 1028/1367/370
f 852/1370/370 1029/1369/370 1034/1379/370
f 1034/1379/370 1041/1392/370 848/1393/370
f 812/1372/370 1030/1371/370 1035/1381/370
f 1042/1394/370 809/1395/370 810/1382/370
f 1043/1396/370 1036/1383/370 803/1397/370
f 799/1387/370 801/1385/370 1037/1384/370
f 950/1349/370 951/1363/370 1019/1347/370
f 1031/1373/370 1044/1398/370 940/1399/370
f 913/1389/370 914/1366/370 1027/1365/370
f 1039/1388/370 1045/1400/370 911/1401/370
f 1046/1402/370 902/1403/370 903/1404/370
f 1047/1405/370 900/1406/370 902/1403/370
f 891/1320/370 1040/1390/370 1004/1319/370
f 861/1378/370 1033/1377/370 1015/1340/370
f 848/1393/370 850/1380/370 1034/1379/370
f 1041/1392/370 1048/1407/370 846/1408/370
f 1049/1409/370 836/1312/370 838/1410/370
f 810/1382/370 1035/1381/370 1042/1394/370
f 1043/1396/370 805/1411/370 807/1412/370
f 801/1385/370 803/1397/370 1036/1383/370
f 940/1399/370 942/1374/370 1031/1373/370
f 1044/1398/370 1050/1413/370 938/1414/370
f 911/1401/370 913/1389/370 1039/1388/370
f 1045/1400/370 1051/1415/370 910/1416/370
f 903/1404/370 905/1417/370 1052/1418/370
f 902/1403/370 1046/1402/370 1047/1405/370
f 1053/1419/370 898/1420/370 900/1406/370
f 1015/1340/370 859/1339/370 861/1378/370
f 846/1408/370 848/1393/370 1041/1392/370
f 836/1312/370 1049/1409/370 1001/1311/370
f 1054/1421/370 807/1412/370 809/1395/370
f 803/1397/370 805/1411/370 1043/1396/370
f 1038/1386/370 1055/1422/370 797/1423/370
f 1056/1424/370 790/1332/370 792/1425/370
f 938/1414/370 940/1399/370 1044/1398/370
f 910/1416/370 911/1401/370 1045/1400/370
f 1051/1415/370 1057/1426/370 908/1427/370
f 903/1404/370 1058/1428/370 1046/1402/370
f 900/1406/370 1047/1405/370 1053/1419/370
f 1016/1341/370 857/1344/370 859/1339/370
f 1048/1407/370 1059/1429/370 844/1430/370
f 809/1395/370 1042/1394/370 1054/1421/370
f 797/1423/370 799/1387/370 1038/1386/370
f 790/1332/370 1056/1424/370 1011/1331/370
f 1050/1413/370 1060/1431/370 936/1432/370
f 908/1427/370 910/1416/370 1051/1415/370
f 1057/1426/370 1061/1433/370 907/1434/370
f 1053/1419/370 1062/1435/370 898/1420/370
f 1062/1435/370 1063/1436/370 897/1437/370
f 844/1430/370 846/1408/370 1048/1407/370
f 1059/1429/370 1064/1438/370 842/1439/370
f 1065/1440/370 838/1410/370 840/1441/370
f 807/1412/370 1054/1421/370 1043/1396/370
f 1055/1422/370 1066/1442/370 795/1443/370
f 936/1432/370 938/1414/370 1050/1413/370
f 1060/1431/370 1067/1444/370 934/1445/370
f 907/1434/370 908/1427/370 1057/1426/370
f 905/1417/370 907/1434/370 1061/1433/370
f 897/1437/370 898/1420/370 1062/1435/370
f 1063/1436/370 1068/1446/370 895/1447/370
f 842/1439/370 844/1430/370 1059/1429/370
f 840/1441/370 1064/1438/370 1065/1440/370
f 795/1443/370 797/1423/370 1055/1422/370
f 1069/1448/370 794/1449/370 795/1443/370
f 934/1445/370 936/1432/370 1060/1431/370
f 1070/1450/370 932/1451/370 934/1445/370
f 1061/1433/370 1052/1418/370 905/1417/370
f 895/1447/370 897/1437/370 1063/1436/370
f 840/1441/370 842/1439/370 1064/1438/370
f 795/1443/370 1066/1442/370 1069/1448/370
f 934/1445/370 1067/1444/370 1070/1450/370
f 1071/1452/370 929/1453/370 932/1451/370
f 1072/1454/370 927/1455/370 928/1456/370
f 1073/1457/370 925/1458/370 927/1455/370
f 1052/1418/370 1058/1428/370 903/1404/370
f 1068/1446/370 1074/1459/370 893/1391/370
f 838/1410/370 1065/1440/370 1049/1409/370
f 1075/1460/370 792/1425/370 794/1449/370
f 932/1451/370 1070/1450/370 1071/1452/370
f 1076/1461/370 928/1456/370 929/1453/370
f 927/1455/370 1072/1454/370 1073/1457/370
f 1073/1457/370 1032/1375/370 923/1462/370
f 893/1391/370 895/1447/370 1068/1446/370
f 794/1449/370 1069/1448/370 1075/1460/370
f 929/1453/370 1071/1452/370 1076/1461/370
f 923/1462/370 925/1458/370 1073/1457/370
f 893/1391/370 1074/1459/370 1040/1390/370
f 928/1456/370 1076/1461/370 1072/1454/370
f 792/1425/370 1075/1460/370 1056/1424/370
f 921/1376/370 923/1462/370 1032/1375/370
f 1077/1463/371 1023/1464/371 1017/1465/372
f 1078/1466/373 1029/1467/373 1023/1464/371
f 1079/1468/374 1034/1469/374 1029/1467/373
f 1080/1470/375 1041/1471/375 1034/1469/374
f 1048/1472/376 1041/1471/375 1080/1470/375
f 1081/1473/377 1059/1474/377 1048/1472/376
f 1064/1475/378 1059/1474/377 1081/1473/377
f 1082/1476/379 1065/1477/379 1064/1475/378
f 1083/1478/380 1049/1479/380 1065/1477/379
f 1001/1480/381 1049/1479/380 1083/1478/380
f 997/1481/382 1001/1480/381 1084/1482/381
f 1085/1483/383 990/1484/383 997/1481/382
f 1086/1485/384 991/1486/384 990/1484/383
f 1002/1487/385 991/1486/384 1086/1485/384
f 1087/1488/386 992/1489/386 1002/1487/385
f 1088/1490/387 993/1491/387 992/1489/386
f 1089/1492/388 994/1493/388 993/1491/387
f 1090/1494/389 998/1495/389 994/1493/388
f 1091/1496/390 1003/1497/390 998/1495/389
f 1005/1498/391 1003/1497/390 1091/1496/390
f 1092/1499/392 1024/1500/392 1005/1498/391
f 1093/1501/393 1030/1502/393 1024/1500/392
f 1035/1503/394 1030/1502/393 1093/1501/393
f 1094/1504/395 1042/1505/395 1035/1503/394
f 1095/1506/396 1054/1507/396 1042/1505/395
f 1096/1508/397 1043/1509/397 1054/1507/396
f 1097/1510/398 1036/1511/398 1043/1509/397
f 1043/1509/397 1096/1508/397 1097/1510/398
f 1054/1507/396 1095/1506/396 1096/1508/397
f 1042/1505/395 1094/1504/395 1095/1506/396
f 1035/1503/394 1098/1512/399 1094/1504/395
f 1093/1501/393 1098/1512/399 1035/1503/394
f 1024/1500/392 1092/1499/392 1093/1501/393
f 1005/1498/391 1099/1513/400 1092/1499/392
f 1091/1496/390 1099/1513/400 1005/1498/391
f 998/1495/389 1090/1494/389 1091/1496/390
f 994/1493/388 1089/1492/388 1090/1494/389
f 993/1491/387 1088/1490/387 1089/1492/388
f 992/1489/386 1087/1488/386 1088/1490/387
f 1002/1487/385 1100/1514/401 1087/1488/386
f 1086/1485/384 1100/1514/401 1002/1487/385
f 990/1484/383 1085/1483/383 1086/1485/384
f 997/1481/382 1101/1515/402 1085/1483/383
f 1084/1482/381 1101/1515/402 997/1481/382
f 1083/1478/380 1084/1482/381 1001/1480/381
f 1065/1477/379 1082/1476/379 1083/1478/380
f 1064/1475/378 1102/1516/403 1082/1476/379
f 1081/1473/377 1102/1516/403 1064/1475/378
f 1048/1472/376 1103/1517/404 1081/1473/377
f 1080/1470/375 1103/1517/404 1048/1472/376
f 1034/1469/374 1079/1468/374 1080/1470/375
f 1029/1467/373 1078/1466/373 1079/1468/374
f 1023/1464/371 1077/1463/371 1078/1466/373
f 1017/1465/372 1104/1518/405 1077/1463/371
f 1105/1519/406 1037/1520/406 1036/1521/407
f 1106/1522/408 1038/1523/408 1037/1520/406
f 1107/1524/409 1055/1525/409 1038/1523/408
f 1108/1526/410 1066/1527/410 1055/1525/409
f 1109/1528/411 1069/1529/411 1066/1527/410
f 1075/1530/412 1069/1529/411 1109/1528/411
f 1110/1531/413 1056/1532/413 1075/1530/412
f 1111/1533/414 1011/1534/414 1056/1532/413
f 1112/1535/415 984/1536/415 1011/1534/414
f 1113/1537/416 980/1538/416 984/1536/415
f 1114/1539/417 981/1540/417 980/1538/416
f 1115/1541/418 982/1542/418 981/1540/417
f 1116/1543/419 983/1544/419 982/1542/418
f 1117/1545/420 986/1546/420 983/1544/419
f 988/1547/421 986/1546/420 1117/1545/420
f 1118/1548/422 995/1549/422 988/1547/421
f 1119/1550/423 999/1551/423 995/1549/422
f 1120/1552/424 1018/1553/424 999/1551/423
f 1121/1554/425 1025/1555/425 1018/1553/424
f 1122/1556/426 1026/1557/426 1025/1555/425
f 1123/1558/427 1019/1559/427 1026/1557/426
f 1026/1557/426 1122/1556/426 1123/1558/427
f 1025/1555/425 1121/1554/425 1122/1556/426
f 1018/1553/424 1120/1552/424 1121/1554/425
f 999/1551/423 1119/1550/423 1120/1552/424
f 995/1549/422 1118/1548/422 1119/1550/423
f 988/1547/421 1124/1560/428 1118/1548/422
f 1117/1545/420 1124/1560/428 988/1547/421
f 983/1544/419 1116/1543/419 1117/1545/420
f 982/1542/418 1115/1541/418 1116/1543/419
f 981/1540/417 1114/1539/417 1115/1541/418
f 980/1538/416 1113/1537/416 1114/1539/417
f 984/1536/415 1112/1535/415 1113/1537/416
f 1011/1534/414 1111/1533/414 1112/1535/415
f 1056/1532/413 1110/1531/413 1111/1533/414
f 1075/1530/412 1125/1561/429 1110/1531/413
f 1109/1528/411 1125/1561/429 1075/1530/412
f 1066/1527/410 1108/1526/410 1109/1528/411
f 1055/1525/409 1107/1524/409 1108/1526/410
f 1038/1523/408 1106/1522/408 1107/1524/409
f 1037/1520/406 1105/1519/406 1106/1522/408
f 1036/1521/407 1097/1562/430 1105/1519/406
f 1020/1563/431 1019/1564/432 1123/1565/432
f 1126/1566/433 1012/1567/433 1020/1563/431
f 1127/1568/434 1006/1569/434 1012/1567/433
f 1007/1570/435 1006/1569/434 1127/1568/434
f 1128/1571/436 1031/1572/436 1007/1570/435
f 1129/1573/437 1044/1574/437 1031/1572/436
f 1050/1575/438 1044/1574/437 1129/1573/437
f 1130/1576/439 1060/1577/439 1050/1575/438
f 1067/1578/440 1060/1577/439 1130/1576/439
f 1131/1579/441 1070/1580/441 1067/1578/440
f 1071/1581/442 1070/1580/441 1131/1579/441
f 1132/1582/443 1076/1583/443 1071/1581/442
f 1133/1584/444 1072/1585/444 1076/1583/443
f 1073/1586/445 1072/1585/444 1133/1584/444
f 1134/1587/446 1032/1588/446 1073/1586/445
f 1135/1589/447 1013/1590/447 1032/1588/446
f 1136/1591/448 1014/1592/448 1013/1590/447
f 1137/1593/449 1021/1594/449 1014/1592/448
f 1027/1595/450 1021/1594/449 1137/1593/449
f 1138/1596/451 1039/1597/451 1027/1595/450
f 1139/1598/452 1045/1599/452 1039/1597/451
f 1140/1600/453 1051/1601/453 1045/1599/452
f 1141/1602/454 1057/1603/454 1051/1601/453
f 1142/1604/455 1061/1605/455 1057/1603/454
f 1143/1606/456 1052/1607/456 1061/1605/455
f 1058/1608/457 1052/1607/456 1143/1606/456
f 1144/1609/458 1046/1610/458 1058/1608/457
f 1145/1611/459 1047/1612/459 1046/1610/458
f 1053/1613/460 1047/1612/459 1145/1611/459
f 1145/1611/459 1146/1614/460 1053/1613/460
f 1046/1610/458 1144/1609/458 1145/1611/459
f 1058/1608/457 1147/1615/461 1144/1609/458
f 1143/1606/456 1147/1615/461 1058/1608/457
f 1061/1605/455 1142/1604/455 1143/1606/456
f 1057/1603/454 1141/1602/454 1142/1604/455
f 1051/1601/453 1140/1600/453 1141/1602/454
f 1045/1599/452 1139/1598/452 1140/1600/453
f 1039/1597/451 1138/1596/451 1139/1598/452
f 1027/1595/450 1148/1616/462 1138/1596/451
f 1137/1593/449 1148/1616/462 1027/1595/450
f 1014/1592/448 1136/1591/448 1137/1593/449
f 1013/1590/447 1135/1589/447 1136/1591/448
f 1032/1588/446 1134/1587/446 1135/1589/447
f 1073/1586/445 1149/1617/463 1134/1587/446
f 1133/1584/444 1149/1617/463 1073/1586/445
f 1076/1583/443 1132/1582/443 1133/1584/444
f 1071/1581/442 1150/1618/464 1132/1582/443
f 1131/1579/441 1150/1618/464 1071/1581/442
f 1067/1578/440 1151/1619/465 1131/1579/441
f 1130/1576/439 1151/1619/465 1067/1578/440
f 1050/1575/438 1152/1620/466 1130/1576/439
f 1129/1573/437 1152/1620/466 1050/1575/438
f 1031/1572/436 1128/1571/436 1129/1573/437
f 1007/1570/435 1153/1621/467 1128/1571/436
f 1127/1568/434 1153/1621/467 1007/1570/435
f 1012/1567/433 1126/1566/433 1127/1568/434
f 1020/1563/431 1154/1622/468 1126/1566/433
f 1123/1565/432 1154/1622/468 1020/1563/431
f 1155/1623/469 1062/1624/469 1053/1625/470
f 1156/1626/471 1063/1627/471 1062/1624/469
f 1157/1628/472 1068/1629/472 1063/1627/471
f 1158/1630/473 1074/1631/473 1068/1629/472
f 1159/1632/474 1040/1633/474 1074/1631/473
f 1160/1634/475 1004/1635/475 1040/1633/474
f 1161/1636/476 1000/1637/476 1004/1635/475
f 1162/1638/477 996/1639/477 1000/1637/476
f 989/1640/478 996/1639/477 1162/1638/477
f 1163/1641/479 985/1642/479 989/1640/478
f 989/1640/478 1164/1643/478 1163/1641/479
f 1162/1638/477 1164/1643/478 989/1640/478
f 1000/1637/476 1161/1636/476 1162/1638/477
f 1004/1635/475 1160/1634/475 1161/1636/476
f 1040/1633/474 1159/1632/474 1160/1634/475
f 1074/1631/473 1158/1630/473 1159/1632/474
f 1068/1629/472 1157/1628/472 1158/1630/473
f 1063/1627/471 1156/1626/471 1157/1628/472
f 1062/1624/469 1155/1623/469 1156/1626/471
f 1053/1625/470 1146/1644/480 1155/1623/469
f 1165/1645/481 987/1646/481 985/1647/482
f 1008/1648/483 987/1646/481 1165/1645/481
f 1166/1649/484 1009/1650/484 1008/1648/483
f 1010/1651/485 1009/1650/484 1166/1649/484
f 1167/1652/486 1022/1653/486 1010/1651/485
f 1168/1654/487 1028/1655/487 1022/1653/486
f 1169/1656/488 1033/1657/488 1028/1655/487
f 1170/1658/489 1015/1659/489 1033/1657/488
f 1171/1660/490 1016/1661/490 1015/1659/489
f 1104/1662/491 1017/1663/491 1016/1661/490
f 1016/1661/490 1171/1660/490 1104/1662/491
f 1015/1659/489 1170/1658/489 1171/1660/490
f 1033/1657/488 1169/1656/488 1170/1658/489
f 1028/1655/487 1168/1654/487 1169/1656/488
f 1022/1653/486 1167/1652/486 1168/1654/487
f 1010/1651/485 1172/1664/492 1167/1652/486
f 1166/1649/484 1172/1664/492 1010/1651/485
f 1008/1648/483 1173/1665/493 1166/1649/484
f 1165/1645/481 1173/1665/493 1008/1648/483
f 985/1647/482 1163/1666/494 1165/1645/481
g Body_01
v 0.08255 0.492349 0.000424098 0.764706 0.0235294 0.0235294
v 0.08255 0.492349 0.24763 0.764706 0.0235294 0.0235294
v 0.08255 0.458524 0.24763 0.764706 0.0235294 0.0235294
v 0.08255 0.458524 0.000424098 0.764706 0.0235294 0.0235294
vn 1 0 0
vt 0.304849 -0.12335
vt 0.304849 0.123855
vt 0.271024 0.123855
vt 0.271024 -0.12335
f 1174/1667/495 1175/1668/495 1176/1669/495
f 1176/1669/495 1177/1670/495 1174/1667/495
v 0.08255 0.492349 0.000424098 0.764706 0.0235294 0.0235294
v 0 0.492349 0.000424098 0.764706 0.0235294 0.0235294
v 0 0.492349 0.24763 0.764706 0.0235294 0.0235294
v 0.08255 0.492349 0.24763 0.764706 0.0235294 0.0235294
v 0 0.458524 0.000424098 0.764706 0.0235294 0.0235294
v 0 0.458524 0.24763 0.764706 0.0235294 0.0235294
v 0.08255 0.458524 0.000424098 0.764706 0.0235294 0.0235294
v 0.08255 0.458524 0.24763 0.764706 0.0235294 0.0235294
vn -0 1 0
vn -1 -0 -0
vn 0 0 -1
vn 0 -1 0
vn 0 0 1
vt -0.123603 0
vt -0.123603 -0.08255
vt 0.123603 -0.08255
vt 0.123603 0
vt 0.271024 -0.12335
vt 0.271024 0.123855
vt 0.304849 0.123855
vt 0.304849 -0.12335
vt -0 -0.0169123
vt 0.08255 -0.0169123
vt 0.08255 0.0169123
vt 0 0.0169123
vt -0.123603 0
vt -0.123603 -0.08255
vt 0.123603 -0.08255
vt 0.123603 0
vt 0 0.0169123
vt -0.08255 0.0169123
vt -0.08255 -0.0169123
vt 0 -0.0169123
f 1178/1671/496 1179/1672/496 1180/1673/496
f 1180/1673/496 1181/1674/496 1178/1671/496
f 1182/1675/497 1183/1676/497 1180/1677/497
f 1180/1677/497 1179/1678/497 1182/1675/497
f 1184/1679/498 1182/1680/498 1179/1681/498
f 1179/1681/498 1178/1682/498 1184/1679/498
f 1185/1683/499 1183/1684/499 1182/1685/499
f 1182/1685/499 1184/1686/499 1185/1683/499
f 1181/1687/500 1180/1688/500 1183/1689/500
f 1183/1689/500 1185/1690/500 1181/1687/500
g Body_06
v 0.117475 0.8382 -0.1016 0.333333 0.239216 0.184314
v -0.0381 0.8382 -0.1016 0.333333 0.239216 0.184314
v -0.0381 -0.4826 -0.1016 0.333333 0.239216 0.184314
v 0.117475 -0.4826 -0.1016 0.333333 0.239216 0.184314
v 0.117475 0.8382 0.3556 0.333333 0.239216 0.184314
v -0.0381 0.8382 0.3556 0.333333 0.239216 0.184314
v 0.117475 -0.4826 0.3556 0.333333 0.239216 0.184314
v -0.0381 -0.4826 0.3556 0.333333 0.239216 0.184314
v -0.0381 0.889 0.4064 0.333333 0.239216 0.184314
v -0.0381 0.889 -0.1524 0.333333 0.239216 0.184314
v -0.0381 -0.5334 -0.1524 0.333333 0.239216 0.184314
v -0.0381 -0.5334 0.4064 0.333333 0.239216 0.184314
v 0.117475 0.889 0.4064 0.333333 0.239216 0.184314
v 0.117475 -0.5334 0.4064 0.333333 0.239216 0.184314
v 0.117475 -0.5334 -0.1524 0.333333 0.239216 0.184314
v 0.117475 0.889 -0.1524 0.333333 0.239216 0.184314
vn -0 -4.30791e-16 1
vn 0 -1 -2.42831e-16
vn -0 2.52171e-16 -1
vn -0 1 -0
vn -1 -0 -0
vn 1 0 0
vn 0 -1 0
vn 0 0 1
vn 0 1 -1.9868e-16
vn 0 1.95132e-17 -1
vt 0.6604 0
vt 0.6604 -0.155575
vt -0.6604 -0.155575
vt -0.6604 0
vt 0.2286 0
vt 0.2286 -0.155575
vt -0.2286 -0.155575
vt -0.2286 0
vt 0.6604 0
vt 0.6604 -0.155575
vt -0.6604 -0.155575
vt -0.6604 0
vt 0.2286 0
vt 0.2286 -0.155575
vt -0.2286 -0.155575
vt -0.2286 0
vt 0.889 0.4064
vt 0.889 -0.1524
vt 0.8382 -0.1016
vt -0.5334 -0.1524
vt -0.4826 -0.1016
vt -0.5334 0.4064
vt -0.4826 0.3556
vt 0.8382 0.3556
vt 0.889 0.4064
vt 0.8382 0.3556
vt 0.8382 -0.1016
vt -0.5334 0.4064
vt -0.4826 0.3556
vt -0.5334 -0.1524
vt -0.4826 -0.1016
vt 0.889 -0.1524
vt -0.2794 0
vt -0.2794 -0.155575
vt 0.2794 -0.155575
vt 0.2794 0
vt 0 0.7112
vt -0.155575 0.7112
vt -0.155575 -0.7112
vt 0 -0.7112
vt -0.2794 0
vt -0.2794 -0.155575
vt 0.2794 -0.155575
vt 0.2794 0
vt -0.7112 0
vt -0.7112 -0.155575
vt 0.7112 -0.155575
vt 0.7112 0
f 1186/1691/501 1187/1692/501 1188/1693/501
f 1188/1693/501 1189/1694/501 1186/1691/501
f 1190/1695/502 1191/1696/502 1187/1697/502
f 1187/1697/502 1186/1698/502 1190/1695/502
f 1192/1699/503 1193/1700/503 1191/1701/503
f 1191/1701/503 1190/1702/503 1192/1699/503
f 1189/1703/504 1188/1704/504 1193/1705/504
f 1193/1705/504 1192/1706/504 1189/1703/504
f 1194/1707/505 1195/1708/505 1187/1709/505
f 1195/1708/505 1196/1710/505 1188/1711/505
f 1197/1712/505 1193/1713/505 1188/1711/505
f 1197/1712/505 1194/1707/505 1191/1714/505
f 1188/1711/505 1187/1709/505 1195/1708/505
f 1191/1714/505 1193/1713/505 1197/1712/505
f 1188/1711/505 1196/1710/505 1197/1712/505
f 1187/1709/505 1191/1714/505 1194/1707/505
f 1198/1715/506 1190/1716/506 1186/1717/506
f 1199/1718/506 1192/1719/506 1190/1716/506
f 1199/1718/506 1200/1720/506 1189/1721/506
f 1201/1722/506 1186/1717/506 1189/1721/506
f 1190/1716/506 1198/1715/506 1199/1718/506
f 1189/1721/506 1200/1720/506 1201/1722/506
f 1189/1721/506 1192/1719/506 1199/1718/506
f 1186/1717/506 1201/1722/506 1198/1715/506
f 1199/1723/507 1197/1724/507 1196/1725/507
f 1196/1725/507 1200/1726/507 1199/1723/507
f 1198/1727/508 1194/1728/508 1197/1729/508
f 1197/1729/508 1199/1730/508 1198/1727/508
f 1201/1731/509 1195/1732/509 1194/1733/509
f 1194/1733/509 1198/1734/509 1201/1731/509
f 1200/1735/510 1196/1736/510 1195/1737/510
f 1195/1737/510 1201/1738/510 1200/1735/510
g Body_07
v -0.0254 0.8382 0.3556 0.333333 0.239216 0.184314
v -0.0254 0.8382 -0.1016 0.333333 0.239216 0.184314
v -0.0254 -0.4953 -0.1016 0.333333 0.239216 0.184314
v -0.0254 -0.4953 0.3556 0.333333 0.239216 0.184314
vn -1 -4.68317e-15 0
vt 0.6604 -0.0508
vt 0.6604 -0.508
vt -0.6731 -0.508
vt -0.6731 -0.0508
f 1202/1739/511 1203/1740/511 1204/1741/511
f 1204/1741/511 1205/1742/511 1202/1739/511
v 4.07658e-13 -0.4953 0.3556 0 0 0
v 4.07658e-13 -0.4953 -0.1016 0 0 0
v 4.01256e-13 0.8382 -0.1016 0 0 0
v 4.01256e-13 0.8382 0.3556 0 0 0
vn 1 4.80025e-15 -0
vt 0.6731 -0.0508
vt 0.6731 -0.508
vt -0.6604 -0.508
vt -0.6604 -0.0508
f 1206/1743/512 1207/1744/512 1208/1745/512
f 1208/1745/512 1209/1746/512 1206/1743/512
v -0.0254 -0.4953 -0.1016 0.494118 0.494118 0.52549
v -0.0254 0.8382 -0.1016 0.494118 0.494118 0.52549
v 4.01262e-13 0.8382 -0.1016 0.494118 0.494118 0.52549
v 4.07646e-13 -0.4953 -0.1016 0.494118 0.494118 0.52549
v 4.01262e-13 0.8382 0.3556 0.494118 0.494118 0.52549
v -0.0254 0.8382 0.3556 0.494118 0.494118 0.52549
v -0.0254 -0.4953 0.3556 0.494118 0.494118 0.52549
v 4.07646e-13 -0.4953 0.3556 0.494118 0.494118 0.52549
vn -0 -0 -1
vn -0 1 -0
vn 0 0 1
vn 4.37096e-15 -1 -0
vt -0.127 -0.4953
vt -0.127 0.8382
vt -0.1016 0.8382
vt -0.1016 -0.4953
vt 0.0508 0.0127
vt 0.508 0.0127
vt 0.508 -0.0127
vt 0.0508 -0.0127
vt -0.127 -0.4953
vt -0.1016 -0.4953
vt -0.1016 0.8382
vt -0.127 0.8382
vt 0.0127 -0.0508
vt 0.0127 -0.508
vt -0.0127 -0.508
vt -0.0127 -0.0508
f 1210/1747/513 1211/1748/513 1212/1749/513
f 1212/1749/513 1213/1750/513 1210/1747/513
f 1214/1751/514 1212/1752/514 1211/1753/514
f 1211/1753/514 1215/1754/514 1214/1751/514
f 1216/1755/515 1217/1756/515 1214/1757/515
f 1214/1757/515 1215/1758/515 1216/1755/515
f 1216/1759/516 1210/1760/516 1213/1761/516
f 1213/1761/516 1217/1762/516 1216/1759/516
